symbol,date,close,first_close,cumulative_return
AAPL,2025-10-09,254.04,254.04,0.0
AAPL,2025-10-10,245.27,254.04,-0.0345
AAPL,2025-10-13,247.66,254.04,-0.0251
AAPL,2025-10-14,247.77,254.04,-0.0247
AAPL,2025-10-15,249.34,254.04,-0.0185
AAPL,2025-10-16,247.45,254.04,-0.0259
AAPL,2025-10-17,252.29,254.04,-0.0069
AAPL,2025-10-20,262.24,254.04,0.0323
AAPL,2025-10-21,262.77,254.04,0.0344
AAPL,2025-10-22,258.45,254.04,0.0174
AAPL,2025-10-23,259.58,254.04,0.0218
AAPL,2025-10-24,262.82,254.04,0.0346
AAPL,2025-10-27,268.81,254.04,0.0581
AAPL,2025-10-28,269.0,254.04,0.0589
AAPL,2025-10-29,269.7,254.04,0.0616
AAPL,2025-10-30,271.4,254.04,0.0683
AAPL,2025-10-31,270.37,254.04,0.0643
AAPL,2025-11-03,269.05,254.04,0.0591
AAPL,2025-11-04,270.04,254.04,0.063
AAPL,2025-11-05,270.14,254.04,0.0634
AAPL,2025-11-06,269.77,254.04,0.0619
AAPL,2025-11-07,268.47,254.04,0.0568
AAPL,2025-11-10,269.43,254.04,0.0606
AAPL,2025-11-11,275.25,254.04,0.0835
AAPL,2025-11-12,273.47,254.04,0.0765
AAPL,2025-11-13,272.95,254.04,0.0744
AAPL,2025-11-14,272.41,254.04,0.0723
AAPL,2025-11-17,267.46,254.04,0.0528
AAPL,2025-11-18,267.44,254.04,0.0527
AAPL,2025-11-19,268.56,254.04,0.0572
AAPL,2025-11-20,266.25,254.04,0.0481
AAPL,2025-11-21,271.49,254.04,0.0687
AAPL,2025-11-24,275.92,254.04,0.0861
AAPL,2025-11-25,276.97,254.04,0.0903
AAPL,2025-11-26,277.55,254.04,0.0925
AAPL,2025-11-28,278.85,254.04,0.0977
AAPL,2025-12-01,283.1,254.04,0.1144
AAPL,2025-12-02,286.19,254.04,0.1266
AAPL,2025-12-03,284.15,254.04,0.1185
AAPL,2025-12-04,280.7,254.04,0.1049
AAPL,2025-12-05,278.78,254.04,0.0974
AAPL,2025-12-08,277.89,254.04,0.0939
AAPL,2025-12-09,277.18,254.04,0.0911
AAPL,2025-12-10,278.78,254.04,0.0974
AAPL,2025-12-11,278.03,254.04,0.0944
AAPL,2025-12-12,278.28,254.04,0.0954
AAPL,2025-12-15,274.11,254.04,0.079
AAPL,2025-12-16,274.61,254.04,0.081
AAPL,2025-12-17,271.84,254.04,0.0701
AAPL,2025-12-18,272.19,254.04,0.0714
AAPL,2025-12-19,273.67,254.04,0.0773
AAPL,2025-12-22,270.97,254.04,0.0666
AAPL,2025-12-23,272.36,254.04,0.0721
AAPL,2025-12-24,273.81,254.04,0.0778
AAPL,2025-12-26,273.4,254.04,0.0762
AAPL,2025-12-29,273.76,254.04,0.0776
AAPL,2025-12-30,273.08,254.04,0.0749
AAPL,2025-12-31,271.86,254.04,0.0701
AAPL,2026-01-02,271.01,254.04,0.0668
AAPL,2026-01-05,267.26,254.04,0.052
AAPL,2026-01-06,262.36,254.04,0.0328
AAPL,2026-01-07,260.33,254.04,0.0248
AAPL,2026-01-08,259.04,254.04,0.0197
AAPL,2026-01-09,259.37,254.04,0.021
AAPL,2026-01-12,260.25,254.04,0.0244
AAPL,2026-01-13,261.05,254.04,0.0276
AAPL,2026-01-14,259.96,254.04,0.0233
AAPL,2026-01-15,258.21,254.04,0.0164
AAPL,2026-01-16,255.53,254.04,0.0059
AAPL,2026-01-20,246.7,254.04,-0.0289
AAPL,2026-01-21,247.65,254.04,-0.0252
AAPL,2026-01-22,248.35,254.04,-0.0224
AAPL,2026-01-23,248.04,254.04,-0.0236
AAPL,2026-01-26,255.41,254.04,0.0054
AAPL,2026-01-27,258.27,254.04,0.0167
AAPL,2026-01-28,256.44,254.04,0.0094
AAPL,2026-01-29,258.28,254.04,0.0167
AAPL,2026-01-30,259.48,254.04,0.0214
AAPL,2026-02-02,270.01,254.04,0.0629
AAPL,2026-02-03,269.48,254.04,0.0608
AAPL,2026-02-04,276.49,254.04,0.0884
AAPL,2026-02-05,275.91,254.04,0.0861
AAPL,2026-02-06,278.12,254.04,0.0948
AAPL,2026-02-09,274.62,254.04,0.081
AAPL,2026-02-10,273.68,254.04,0.0773
AAPL,2026-02-11,275.5,254.04,0.0845
AAPL,2026-02-12,261.73,254.04,0.0303
AAPL,2026-02-13,255.78,254.04,0.0068
AAPL,2026-02-17,263.88,254.04,0.0387
AAPL,2026-02-18,264.35,254.04,0.0406
AAPL,2026-02-19,260.58,254.04,0.0257
AAPL,2026-02-20,264.58,254.04,0.0415
AAPL,2026-02-23,266.18,254.04,0.0478
AAPL,2026-02-24,272.14,254.04,0.0712
AAPL,2026-02-25,274.23,254.04,0.0795
AAPL,2026-02-26,272.95,254.04,0.0744
AAPL,2026-02-27,264.18,254.04,0.0399
AAPL,2026-03-02,264.72,254.04,0.042
AAPL,2026-03-03,263.75,254.04,0.0382
AAPL,2026-03-04,262.52,254.04,0.0334
AAPL,2026-03-05,260.29,254.04,0.0246
AAPL,2026-03-06,257.46,254.04,0.0135
AAPL,2026-03-09,259.88,254.04,0.023
AAPL,2026-03-10,260.83,254.04,0.0267
AAPL,2026-03-11,260.81,254.04,0.0266
AAPL,2026-03-12,255.76,254.04,0.0068
AAPL,2026-03-13,250.12,254.04,-0.0154
AMZN,2025-10-09,227.74,227.74,0.0
AMZN,2025-10-10,216.37,227.74,-0.0499
AMZN,2025-10-13,220.07,227.74,-0.0337
AMZN,2025-10-14,216.39,227.74,-0.0498
AMZN,2025-10-15,215.57,227.74,-0.0534
AMZN,2025-10-16,214.47,227.74,-0.0583
AMZN,2025-10-17,213.04,227.74,-0.0645
AMZN,2025-10-20,216.48,227.74,-0.0494
AMZN,2025-10-21,222.03,227.74,-0.0251
AMZN,2025-10-22,217.95,227.74,-0.043
AMZN,2025-10-23,221.09,227.74,-0.0292
AMZN,2025-10-24,224.21,227.74,-0.0155
AMZN,2025-10-27,226.97,227.74,-0.0034
AMZN,2025-10-28,229.25,227.74,0.0066
AMZN,2025-10-29,230.3,227.74,0.0112
AMZN,2025-10-30,222.86,227.74,-0.0214
AMZN,2025-10-31,244.22,227.74,0.0724
AMZN,2025-11-03,254.0,227.74,0.1153
AMZN,2025-11-04,249.32,227.74,0.0948
AMZN,2025-11-05,250.2,227.74,0.0986
AMZN,2025-11-06,243.04,227.74,0.0672
AMZN,2025-11-07,244.41,227.74,0.0732
AMZN,2025-11-10,248.4,227.74,0.0907
AMZN,2025-11-11,249.1,227.74,0.0938
AMZN,2025-11-12,244.2,227.74,0.0723
AMZN,2025-11-13,237.58,227.74,0.0432
AMZN,2025-11-14,234.69,227.74,0.0305
AMZN,2025-11-17,232.87,227.74,0.0225
AMZN,2025-11-18,222.55,227.74,-0.0228
AMZN,2025-11-19,222.69,227.74,-0.0222
AMZN,2025-11-20,217.14,227.74,-0.0465
AMZN,2025-11-21,220.69,227.74,-0.031
AMZN,2025-11-24,226.28,227.74,-0.0064
AMZN,2025-11-25,229.67,227.74,0.0085
AMZN,2025-11-26,229.16,227.74,0.0062
AMZN,2025-11-28,233.22,227.74,0.0241
AMZN,2025-12-01,233.88,227.74,0.027
AMZN,2025-12-02,234.42,227.74,0.0293
AMZN,2025-12-03,232.38,227.74,0.0204
AMZN,2025-12-04,229.11,227.74,0.006
AMZN,2025-12-05,229.53,227.74,0.0079
AMZN,2025-12-08,226.89,227.74,-0.0037
AMZN,2025-12-09,227.92,227.74,0.0008
AMZN,2025-12-10,231.78,227.74,0.0177
AMZN,2025-12-11,230.28,227.74,0.0112
AMZN,2025-12-12,226.19,227.74,-0.0068
AMZN,2025-12-15,222.54,227.74,-0.0228
AMZN,2025-12-16,222.56,227.74,-0.0227
AMZN,2025-12-17,221.27,227.74,-0.0284
AMZN,2025-12-18,226.76,227.74,-0.0043
AMZN,2025-12-19,227.35,227.74,-0.0017
AMZN,2025-12-22,228.43,227.74,0.003
AMZN,2025-12-23,232.14,227.74,0.0193
AMZN,2025-12-24,232.38,227.74,0.0204
AMZN,2025-12-26,232.52,227.74,0.021
AMZN,2025-12-29,232.07,227.74,0.019
AMZN,2025-12-30,232.53,227.74,0.021
AMZN,2025-12-31,230.82,227.74,0.0135
AMZN,2026-01-02,226.5,227.74,-0.0054
AMZN,2026-01-05,233.06,227.74,0.0234
AMZN,2026-01-06,240.93,227.74,0.0579
AMZN,2026-01-07,241.56,227.74,0.0607
AMZN,2026-01-08,246.29,227.74,0.0815
AMZN,2026-01-09,247.38,227.74,0.0862
AMZN,2026-01-12,246.47,227.74,0.0822
AMZN,2026-01-13,242.6,227.74,0.0652
AMZN,2026-01-14,236.65,227.74,0.0391
AMZN,2026-01-15,238.18,227.74,0.0458
AMZN,2026-01-16,239.12,227.74,0.05
AMZN,2026-01-20,231.0,227.74,0.0143
AMZN,2026-01-21,231.31,227.74,0.0157
AMZN,2026-01-22,234.34,227.74,0.029
AMZN,2026-01-23,239.16,227.74,0.0501
AMZN,2026-01-26,238.42,227.74,0.0469
AMZN,2026-01-27,244.68,227.74,0.0744
AMZN,2026-01-28,243.01,227.74,0.0671
AMZN,2026-01-29,241.73,227.74,0.0614
AMZN,2026-01-30,239.3,227.74,0.0508
AMZN,2026-02-02,242.96,227.74,0.0668
AMZN,2026-02-03,238.62,227.74,0.0478
AMZN,2026-02-04,232.99,227.74,0.0231
AMZN,2026-02-05,222.69,227.74,-0.0222
AMZN,2026-02-06,210.32,227.74,-0.0765
AMZN,2026-02-09,208.72,227.74,-0.0835
AMZN,2026-02-10,206.96,227.74,-0.0912
AMZN,2026-02-11,204.08,227.74,-0.1039
AMZN,2026-02-12,199.6,227.74,-0.1236
AMZN,2026-02-13,198.79,227.74,-0.1271
AMZN,2026-02-17,201.15,227.74,-0.1168
AMZN,2026-02-18,204.79,227.74,-0.1008
AMZN,2026-02-19,204.86,227.74,-0.1005
AMZN,2026-02-20,210.11,227.74,-0.0774
AMZN,2026-02-23,205.27,227.74,-0.0987
AMZN,2026-02-24,208.56,227.74,-0.0842
AMZN,2026-02-25,210.64,227.74,-0.0751
AMZN,2026-02-26,207.92,227.74,-0.087
AMZN,2026-02-27,210.0,227.74,-0.0779
AMZN,2026-03-02,208.39,227.74,-0.085
AMZN,2026-03-03,208.73,227.74,-0.0835
AMZN,2026-03-04,216.82,227.74,-0.0479
AMZN,2026-03-05,218.94,227.74,-0.0386
AMZN,2026-03-06,213.21,227.74,-0.0638
AMZN,2026-03-09,213.49,227.74,-0.0626
AMZN,2026-03-10,214.33,227.74,-0.0589
AMZN,2026-03-11,212.65,227.74,-0.0663
AMZN,2026-03-12,209.53,227.74,-0.08
AMZN,2026-03-13,207.67,227.74,-0.0881
BRK.A,2025-10-09,744704.82,744704.82,0.0
BRK.A,2025-10-10,734180.0,744704.82,-0.0141
BRK.A,2025-10-13,738130.0,744704.82,-0.0088
BRK.A,2025-10-14,743524.6,744704.82,-0.0016
BRK.A,2025-10-15,744040.01,744704.82,-0.0009
BRK.A,2025-10-16,733080.0,744704.82,-0.0156
BRK.A,2025-10-17,738200.0,744704.82,-0.0087
BRK.A,2025-10-20,740600.0,744704.82,-0.0055
BRK.A,2025-10-21,736600.01,744704.82,-0.0109
BRK.A,2025-10-22,736752.0,744704.82,-0.0107
BRK.A,2025-10-23,735600.0,744704.82,-0.0122
BRK.A,2025-10-24,738500.0,744704.82,-0.0083
BRK.A,2025-10-27,732650.0,744704.82,-0.0162
BRK.A,2025-10-28,722494.72,744704.82,-0.0298
BRK.A,2025-10-29,712900.0,744704.82,-0.0427
BRK.A,2025-10-30,717922.02,744704.82,-0.036
BRK.A,2025-10-31,715740.0,744704.82,-0.0389
BRK.A,2025-11-03,712170.14,744704.82,-0.0437
BRK.A,2025-11-04,731117.62,744704.82,-0.0182
BRK.A,2025-11-05,736150.0,744704.82,-0.0115
BRK.A,2025-11-06,739900.0,744704.82,-0.0065
BRK.A,2025-11-07,748320.0,744704.82,0.0049
BRK.A,2025-11-10,744500.1,744704.82,-0.0003
BRK.A,2025-11-11,745751.37,744704.82,0.0014
BRK.A,2025-11-12,756363.0,744704.82,0.0157
BRK.A,2025-11-13,770184.85,744704.82,0.0342
BRK.A,2025-11-14,763866.71,744704.82,0.0257
BRK.A,2025-11-17,755420.0,744704.82,0.0144
BRK.A,2025-11-18,755597.37,744704.82,0.0146
BRK.A,2025-11-19,752464.42,744704.82,0.0104
BRK.A,2025-11-20,754625.0,744704.82,0.0133
BRK.A,2025-11-21,755320.0,744704.82,0.0143
BRK.A,2025-11-24,762999.99,744704.82,0.0246
BRK.A,2025-11-25,763000.0,744704.82,0.0246
BRK.A,2025-11-26,767865.65,744704.82,0.0311
BRK.A,2025-11-28,770100.0,744704.82,0.0341
BRK.A,2025-12-01,761160.59,744704.82,0.0221
BRK.A,2025-12-02,760100.05,744704.82,0.0207
BRK.A,2025-12-03,758000.0,744704.82,0.0179
BRK.A,2025-12-04,754745.88,744704.82,0.0135
BRK.A,2025-12-05,755800.0,744704.82,0.0149
BRK.A,2025-12-08,745120.0,744704.82,0.0006
BRK.A,2025-12-09,736300.0,744704.82,-0.0113
BRK.A,2025-12-10,735276.0,744704.82,-0.0127
BRK.A,2025-12-11,742550.0,744704.82,-0.0029
BRK.A,2025-12-12,748886.97,744704.82,0.0056
BRK.A,2025-12-15,758900.01,744704.82,0.0191
BRK.A,2025-12-16,749120.0,744704.82,0.0059
BRK.A,2025-12-17,756120.01,744704.82,0.0153
BRK.A,2025-12-18,755699.95,744704.82,0.0148
BRK.A,2025-12-19,745600.0,744704.82,0.0012
BRK.A,2025-12-22,750005.66,744704.82,0.0071
BRK.A,2025-12-23,750560.0,744704.82,0.0079
BRK.A,2025-12-24,751245.04,744704.82,0.0088
BRK.A,2025-12-26,747000.0,744704.82,0.0031
BRK.A,2025-12-29,752000.0,744704.82,0.0098
BRK.A,2025-12-30,755400.0,744704.82,0.0144
BRK.A,2025-12-31,754800.0,744704.82,0.0136
BRK.A,2026-01-02,744120.0,744704.82,-0.0008
BRK.A,2026-01-05,748250.0,744704.82,0.0048
BRK.A,2026-01-06,748000.0,744704.82,0.0044
BRK.A,2026-01-07,745000.0,744704.82,0.0004
BRK.A,2026-01-08,750300.0,744704.82,0.0075
BRK.A,2026-01-09,748060.0,744704.82,0.0045
BRK.A,2026-01-12,747860.0,744704.82,0.0042
BRK.A,2026-01-13,742300.0,744704.82,-0.0032
BRK.A,2026-01-14,743438.0,744704.82,-0.0017
BRK.A,2026-01-15,738690.9,744704.82,-0.0081
BRK.A,2026-01-16,740750.0,744704.82,-0.0053
BRK.A,2026-01-20,727500.05,744704.82,-0.0231
BRK.A,2026-01-21,724079.49,744704.82,-0.0277
BRK.A,2026-01-22,726200.0,744704.82,-0.0248
BRK.A,2026-01-23,720932.18,744704.82,-0.0319
BRK.A,2026-01-26,726420.0,744704.82,-0.0246
BRK.A,2026-01-27,713000.0,744704.82,-0.0426
BRK.A,2026-01-28,709500.0,744704.82,-0.0473
BRK.A,2026-01-29,714000.0,744704.82,-0.0412
BRK.A,2026-01-30,722500.0,744704.82,-0.0298
BRK.A,2026-02-02,729425.0,744704.82,-0.0205
BRK.A,2026-02-03,740149.86,744704.82,-0.0061
BRK.A,2026-02-04,757890.0,744704.82,0.0177
BRK.A,2026-02-05,756943.0,744704.82,0.0164
BRK.A,2026-02-06,762569.63,744704.82,0.024
BRK.A,2026-02-09,747806.0,744704.82,0.0042
BRK.A,2026-02-10,750020.0,744704.82,0.0071
BRK.A,2026-02-11,748456.2,744704.82,0.005
BRK.A,2026-02-12,749540.0,744704.82,0.0065
BRK.A,2026-02-13,751424.99,744704.82,0.009
BRK.A,2026-02-17,754910.0,744704.82,0.0137
BRK.A,2026-02-18,747960.0,744704.82,0.0044
BRK.A,2026-02-19,746100.0,744704.82,0.0019
BRK.A,2026-02-20,746500.01,744704.82,0.0024
BRK.A,2026-02-23,740200.0,744704.82,-0.006
BRK.A,2026-02-24,741200.0,744704.82,-0.0047
BRK.A,2026-02-25,742000.0,744704.82,-0.0036
BRK.A,2026-02-26,753250.0,744704.82,0.0115
BRK.A,2026-02-27,757000.0,744704.82,0.0165
BRK.A,2026-03-02,720000.0,744704.82,-0.0332
BRK.A,2026-03-03,721044.89,744704.82,-0.0318
BRK.A,2026-03-04,730707.01,744704.82,-0.0188
GOOGL,2025-10-09,241.53,241.53,0.0
GOOGL,2025-10-10,236.57,241.53,-0.0205
GOOGL,2025-10-13,244.15,241.53,0.0108
GOOGL,2025-10-14,245.45,241.53,0.0162
GOOGL,2025-10-15,251.03,241.53,0.0393
GOOGL,2025-10-16,251.46,241.53,0.0411
GOOGL,2025-10-17,253.3,241.53,0.0487
GOOGL,2025-10-20,256.55,241.53,0.0622
GOOGL,2025-10-21,250.46,241.53,0.037
GOOGL,2025-10-22,251.69,241.53,0.0421
GOOGL,2025-10-23,253.08,241.53,0.0478
GOOGL,2025-10-24,259.92,241.53,0.0761
GOOGL,2025-10-27,269.27,241.53,0.1149
GOOGL,2025-10-28,267.47,241.53,0.1074
GOOGL,2025-10-29,274.57,241.53,0.1368
GOOGL,2025-10-30,281.48,241.53,0.1654
GOOGL,2025-10-31,281.19,241.53,0.1642
GOOGL,2025-11-03,283.72,241.53,0.1747
GOOGL,2025-11-04,277.54,241.53,0.1491
GOOGL,2025-11-05,284.31,241.53,0.1771
GOOGL,2025-11-06,284.75,241.53,0.1789
GOOGL,2025-11-07,278.83,241.53,0.1544
GOOGL,2025-11-10,290.1,241.53,0.2011
GOOGL,2025-11-11,291.31,241.53,0.2061
GOOGL,2025-11-12,286.71,241.53,0.1871
GOOGL,2025-11-13,278.57,241.53,0.1534
GOOGL,2025-11-14,276.41,241.53,0.1444
GOOGL,2025-11-17,285.02,241.53,0.1801
GOOGL,2025-11-18,284.28,241.53,0.177
GOOGL,2025-11-19,292.81,241.53,0.2123
GOOGL,2025-11-20,289.45,241.53,0.1984
GOOGL,2025-11-21,299.66,241.53,0.2407
GOOGL,2025-11-24,318.58,241.53,0.319
GOOGL,2025-11-25,323.44,241.53,0.3391
GOOGL,2025-11-26,319.95,241.53,0.3247
GOOGL,2025-11-28,320.18,241.53,0.3256
GOOGL,2025-12-01,314.89,241.53,0.3037
GOOGL,2025-12-02,315.81,241.53,0.3075
GOOGL,2025-12-03,319.63,241.53,0.3234
GOOGL,2025-12-04,317.62,241.53,0.315
GOOGL,2025-12-05,321.27,241.53,0.3301
GOOGL,2025-12-08,313.72,241.53,0.2989
GOOGL,2025-12-09,317.08,241.53,0.3128
GOOGL,2025-12-10,320.21,241.53,0.3258
GOOGL,2025-12-11,312.43,241.53,0.2935
GOOGL,2025-12-12,309.29,241.53,0.2805
GOOGL,2025-12-15,308.22,241.53,0.2761
GOOGL,2025-12-16,306.57,241.53,0.2693
GOOGL,2025-12-17,296.72,241.53,0.2285
GOOGL,2025-12-18,302.46,241.53,0.2523
GOOGL,2025-12-19,307.16,241.53,0.2717
GOOGL,2025-12-22,309.78,241.53,0.2826
GOOGL,2025-12-23,314.35,241.53,0.3015
GOOGL,2025-12-24,314.09,241.53,0.3004
GOOGL,2025-12-26,313.51,241.53,0.298
GOOGL,2025-12-29,313.56,241.53,0.2982
GOOGL,2025-12-30,313.85,241.53,0.2994
GOOGL,2025-12-31,313.0,241.53,0.2959
GOOGL,2026-01-02,315.15,241.53,0.3048
GOOGL,2026-01-05,316.54,241.53,0.3106
GOOGL,2026-01-06,314.34,241.53,0.3015
GOOGL,2026-01-07,321.98,241.53,0.3331
GOOGL,2026-01-08,325.44,241.53,0.3474
GOOGL,2026-01-09,328.57,241.53,0.3604
GOOGL,2026-01-12,331.86,241.53,0.374
GOOGL,2026-01-13,335.97,241.53,0.391
GOOGL,2026-01-14,335.84,241.53,0.3905
GOOGL,2026-01-15,332.78,241.53,0.3778
GOOGL,2026-01-16,330.0,241.53,0.3663
GOOGL,2026-01-20,322.0,241.53,0.3332
GOOGL,2026-01-21,328.38,241.53,0.3596
GOOGL,2026-01-22,330.54,241.53,0.3685
GOOGL,2026-01-23,327.93,241.53,0.3577
GOOGL,2026-01-26,333.26,241.53,0.3798
GOOGL,2026-01-27,334.55,241.53,0.3851
GOOGL,2026-01-28,336.01,241.53,0.3912
GOOGL,2026-01-29,338.25,241.53,0.4004
GOOGL,2026-01-30,338.0,241.53,0.3994
GOOGL,2026-02-02,343.69,241.53,0.423
GOOGL,2026-02-03,339.71,241.53,0.4065
GOOGL,2026-02-04,333.04,241.53,0.3789
GOOGL,2026-02-05,331.25,241.53,0.3715
GOOGL,2026-02-06,322.86,241.53,0.3367
GOOGL,2026-02-09,324.32,241.53,0.3428
GOOGL,2026-02-10,318.58,241.53,0.319
GOOGL,2026-02-11,310.96,241.53,0.2875
GOOGL,2026-02-12,309.0,241.53,0.2793
GOOGL,2026-02-13,305.72,241.53,0.2658
GOOGL,2026-02-17,302.02,241.53,0.2504
GOOGL,2026-02-18,303.33,241.53,0.2559
GOOGL,2026-02-19,302.85,241.53,0.2539
GOOGL,2026-02-20,314.98,241.53,0.3041
GOOGL,2026-02-23,311.49,241.53,0.2897
GOOGL,2026-02-24,310.9,241.53,0.2872
GOOGL,2026-02-25,312.9,241.53,0.2955
GOOGL,2026-02-26,307.38,241.53,0.2726
GOOGL,2026-02-27,311.76,241.53,0.2908
GOOGL,2026-03-02,306.52,241.53,0.2691
GOOGL,2026-03-03,303.58,241.53,0.2569
GOOGL,2026-03-04,303.13,241.53,0.255
GOOGL,2026-03-05,300.88,241.53,0.2457
GOOGL,2026-03-06,298.52,241.53,0.236
GOOGL,2026-03-09,306.36,241.53,0.2684
GOOGL,2026-03-10,307.04,241.53,0.2712
GOOGL,2026-03-11,308.7,241.53,0.2781
GOOGL,2026-03-12,303.55,241.53,0.2568
GOOGL,2026-03-13,302.28,241.53,0.2515
JPM,2025-10-09,305.53,305.53,0.0
JPM,2025-10-10,300.89,305.53,-0.0152
JPM,2025-10-13,307.97,305.53,0.008
JPM,2025-10-14,302.08,305.53,-0.0113
JPM,2025-10-15,305.69,305.53,0.0005
JPM,2025-10-16,298.54,305.53,-0.0229
JPM,2025-10-17,297.56,305.53,-0.0261
JPM,2025-10-20,302.36,305.53,-0.0104
JPM,2025-10-21,297.09,305.53,-0.0276
JPM,2025-10-22,294.11,305.53,-0.0374
JPM,2025-10-23,294.54,305.53,-0.036
JPM,2025-10-24,300.44,305.53,-0.0167
JPM,2025-10-27,304.15,305.53,-0.0045
JPM,2025-10-28,305.36,305.53,-0.0006
JPM,2025-10-29,305.51,305.53,-0.0001
JPM,2025-10-30,309.44,305.53,0.0128
JPM,2025-10-31,311.12,305.53,0.0183
JPM,2025-11-03,309.35,305.53,0.0125
JPM,2025-11-04,309.25,305.53,0.0122
JPM,2025-11-05,311.68,305.53,0.0201
JPM,2025-11-06,313.42,305.53,0.0258
JPM,2025-11-07,314.21,305.53,0.0284
JPM,2025-11-10,316.89,305.53,0.0372
JPM,2025-11-11,315.62,305.53,0.033
JPM,2025-11-12,320.41,305.53,0.0487
JPM,2025-11-13,309.48,305.53,0.0129
JPM,2025-11-14,303.61,305.53,-0.0063
JPM,2025-11-17,300.37,305.53,-0.0169
JPM,2025-11-18,299.41,305.53,-0.02
JPM,2025-11-19,303.27,305.53,-0.0074
JPM,2025-11-20,298.38,305.53,-0.0234
JPM,2025-11-21,298.02,305.53,-0.0246
JPM,2025-11-24,298.0,305.53,-0.0246
JPM,2025-11-25,303.0,305.53,-0.0083
JPM,2025-11-26,307.64,305.53,0.0069
JPM,2025-11-28,313.08,305.53,0.0247
JPM,2025-12-01,308.92,305.53,0.0111
JPM,2025-12-02,307.88,305.53,0.0077
JPM,2025-12-03,312.13,305.53,0.0216
JPM,2025-12-04,316.1,305.53,0.0346
JPM,2025-12-05,315.04,305.53,0.0311
JPM,2025-12-08,315.21,305.53,0.0317
JPM,2025-12-09,300.51,305.53,-0.0164
JPM,2025-12-10,310.11,305.53,0.015
JPM,2025-12-11,317.38,305.53,0.0388
JPM,2025-12-12,318.52,305.53,0.0425
JPM,2025-12-15,320.02,305.53,0.0474
JPM,2025-12-16,315.55,305.53,0.0328
JPM,2025-12-17,314.98,305.53,0.0309
JPM,2025-12-18,313.0,305.53,0.0244
JPM,2025-12-19,317.21,305.53,0.0382
JPM,2025-12-22,323.09,305.53,0.0575
JPM,2025-12-23,325.93,305.53,0.0668
JPM,2025-12-24,329.17,305.53,0.0774
JPM,2025-12-26,327.91,305.53,0.0732
JPM,2025-12-29,323.75,305.53,0.0596
JPM,2025-12-30,323.42,305.53,0.0586
JPM,2025-12-31,322.22,305.53,0.0546
JPM,2026-01-02,325.48,305.53,0.0653
JPM,2026-01-05,334.04,305.53,0.0933
JPM,2026-01-06,334.61,305.53,0.0952
JPM,2026-01-07,326.99,305.53,0.0702
JPM,2026-01-08,329.79,305.53,0.0794
JPM,2026-01-09,329.19,305.53,0.0774
JPM,2026-01-12,324.49,305.53,0.0621
JPM,2026-01-13,310.9,305.53,0.0176
JPM,2026-01-14,307.87,305.53,0.0077
JPM,2026-01-15,309.26,305.53,0.0122
JPM,2026-01-16,312.47,305.53,0.0227
JPM,2026-01-20,302.74,305.53,-0.0091
JPM,2026-01-21,302.04,305.53,-0.0114
JPM,2026-01-22,303.63,305.53,-0.0062
JPM,2026-01-23,297.72,305.53,-0.0256
JPM,2026-01-26,301.04,305.53,-0.0147
JPM,2026-01-27,300.31,305.53,-0.0171
JPM,2026-01-28,300.77,305.53,-0.0156
JPM,2026-01-29,306.42,305.53,0.0029
JPM,2026-01-30,305.89,305.53,0.0012
JPM,2026-02-02,308.14,305.53,0.0085
JPM,2026-02-03,314.85,305.53,0.0305
JPM,2026-02-04,317.27,305.53,0.0384
JPM,2026-02-05,310.16,305.53,0.0152
JPM,2026-02-06,322.4,305.53,0.0552
JPM,2026-02-09,322.1,305.53,0.0542
JPM,2026-02-10,318.28,305.53,0.0417
JPM,2026-02-11,310.82,305.53,0.0173
JPM,2026-02-12,302.64,305.53,-0.0095
JPM,2026-02-13,302.55,305.53,-0.0098
JPM,2026-02-17,307.13,305.53,0.0052
JPM,2026-02-18,308.78,305.53,0.0106
JPM,2026-02-19,308.05,305.53,0.0082
JPM,2026-02-20,310.79,305.53,0.0172
JPM,2026-02-23,297.67,305.53,-0.0257
JPM,2026-02-24,297.3,305.53,-0.0269
JPM,2026-02-25,303.3,305.53,-0.0073
JPM,2026-02-26,306.13,305.53,0.002
JPM,2026-02-27,300.3,305.53,-0.0171
JPM,2026-03-02,297.56,305.53,-0.0261
JPM,2026-03-03,300.26,305.53,-0.0172
JPM,2026-03-04,299.39,305.53,-0.0201
META,2025-10-09,733.51,733.51,0.0
META,2025-10-10,705.3,733.51,-0.0385
META,2025-10-13,715.7,733.51,-0.0243
META,2025-10-14,708.65,733.51,-0.0339
META,2025-10-15,717.55,733.51,-0.0218
META,2025-10-16,712.07,733.51,-0.0292
META,2025-10-17,716.915,733.51,-0.0226
META,2025-10-20,732.17,733.51,-0.0018
META,2025-10-21,733.27,733.51,-0.0003
META,2025-10-22,733.41,733.51,-0.0001
META,2025-10-23,734.0,733.51,0.0007
META,2025-10-24,738.36,733.51,0.0066
META,2025-10-27,750.82,733.51,0.0236
META,2025-10-28,751.44,733.51,0.0244
META,2025-10-29,751.67,733.51,0.0248
META,2025-10-30,666.47,733.51,-0.0914
META,2025-10-31,648.35,733.51,-0.1161
META,2025-11-03,637.71,733.51,-0.1306
META,2025-11-04,627.32,733.51,-0.1448
META,2025-11-05,635.95,733.51,-0.133
META,2025-11-06,618.94,733.51,-0.1562
META,2025-11-07,621.71,733.51,-0.1524
META,2025-11-10,631.76,733.51,-0.1387
META,2025-11-11,627.08,733.51,-0.1451
META,2025-11-12,609.01,733.51,-0.1697
META,2025-11-13,609.89,733.51,-0.1685
META,2025-11-14,609.46,733.51,-0.1691
META,2025-11-17,602.01,733.51,-0.1793
META,2025-11-18,597.69,733.51,-0.1852
META,2025-11-19,590.32,733.51,-0.1952
META,2025-11-20,589.15,733.51,-0.1968
META,2025-11-21,594.25,733.51,-0.1899
META,2025-11-24,613.05,733.51,-0.1642
META,2025-11-25,636.22,733.51,-0.1326
META,2025-11-26,633.61,733.51,-0.1362
META,2025-11-28,647.95,733.51,-0.1166
META,2025-12-01,640.87,733.51,-0.1263
META,2025-12-02,647.1,733.51,-0.1178
META,2025-12-03,639.6,733.51,-0.128
META,2025-12-04,661.53,733.51,-0.0981
META,2025-12-05,673.42,733.51,-0.0819
META,2025-12-08,666.8,733.51,-0.0909
META,2025-12-09,656.96,733.51,-0.1044
META,2025-12-10,650.13,733.51,-0.1137
META,2025-12-11,652.71,733.51,-0.1102
META,2025-12-12,644.23,733.51,-0.1217
META,2025-12-15,647.51,733.51,-0.1172
META,2025-12-16,657.15,733.51,-0.1041
META,2025-12-17,649.5,733.51,-0.1145
META,2025-12-18,664.45,733.51,-0.0942
META,2025-12-19,658.77,733.51,-0.1019
META,2025-12-22,661.5,733.51,-0.0982
META,2025-12-23,664.94,733.51,-0.0935
META,2025-12-24,667.55,733.51,-0.0899
META,2025-12-26,663.29,733.51,-0.0957
META,2025-12-29,658.69,733.51,-0.102
META,2025-12-30,665.95,733.51,-0.0921
META,2025-12-31,660.09,733.51,-0.1001
META,2026-01-02,650.41,733.51,-0.1133
META,2026-01-05,658.79,733.51,-0.1019
META,2026-01-06,660.62,733.51,-0.0994
META,2026-01-07,648.69,733.51,-0.1156
META,2026-01-08,646.06,733.51,-0.1192
META,2026-01-09,653.06,733.51,-0.1097
META,2026-01-12,641.97,733.51,-0.1248
META,2026-01-13,631.09,733.51,-0.1396
META,2026-01-14,615.52,733.51,-0.1609
META,2026-01-15,620.8,733.51,-0.1537
META,2026-01-16,620.25,733.51,-0.1544
META,2026-01-20,604.12,733.51,-0.1764
META,2026-01-21,612.96,733.51,-0.1643
META,2026-01-22,647.63,733.51,-0.1171
META,2026-01-23,658.76,733.51,-0.1019
META,2026-01-26,672.36,733.51,-0.0834
META,2026-01-27,672.97,733.51,-0.0825
META,2026-01-28,668.73,733.51,-0.0883
META,2026-01-29,738.31,733.51,0.0065
META,2026-01-30,716.5,733.51,-0.0232
META,2026-02-02,706.41,733.51,-0.0369
META,2026-02-03,691.7,733.51,-0.057
META,2026-02-04,668.99,733.51,-0.088
META,2026-02-05,670.21,733.51,-0.0863
META,2026-02-06,661.46,733.51,-0.0982
META,2026-02-09,677.22,733.51,-0.0767
META,2026-02-10,670.72,733.51,-0.0856
META,2026-02-11,668.69,733.51,-0.0884
META,2026-02-12,649.81,733.51,-0.1141
META,2026-02-13,639.77,733.51,-0.1278
META,2026-02-17,639.29,733.51,-0.1285
META,2026-02-18,643.22,733.51,-0.1231
META,2026-02-19,644.78,733.51,-0.121
META,2026-02-20,655.66,733.51,-0.1061
META,2026-02-23,637.25,733.51,-0.1312
META,2026-02-24,639.3,733.51,-0.1284
META,2026-02-25,653.69,733.51,-0.1088
META,2026-02-26,657.01,733.51,-0.1043
META,2026-02-27,648.18,733.51,-0.1163
META,2026-03-02,653.56,733.51,-0.109
META,2026-03-03,655.08,733.51,-0.1069
META,2026-03-04,667.73,733.51,-0.0897
MSFT,2025-10-09,522.4,522.4,0.0
MSFT,2025-10-10,510.96,522.4,-0.0219
MSFT,2025-10-13,514.05,522.4,-0.016
MSFT,2025-10-14,513.57,522.4,-0.0169
MSFT,2025-10-15,513.43,522.4,-0.0172
MSFT,2025-10-16,511.61,522.4,-0.0207
MSFT,2025-10-17,513.58,522.4,-0.0169
MSFT,2025-10-20,516.79,522.4,-0.0107
MSFT,2025-10-21,517.66,522.4,-0.0091
MSFT,2025-10-22,520.54,522.4,-0.0036
MSFT,2025-10-23,520.56,522.4,-0.0035
MSFT,2025-10-24,523.61,522.4,0.0023
MSFT,2025-10-27,531.52,522.4,0.0175
MSFT,2025-10-28,542.07,522.4,0.0377
MSFT,2025-10-29,541.55,522.4,0.0367
MSFT,2025-10-30,525.76,522.4,0.0064
MSFT,2025-10-31,517.81,522.4,-0.0088
MSFT,2025-11-03,517.03,522.4,-0.0103
MSFT,2025-11-04,514.33,522.4,-0.0154
MSFT,2025-11-05,507.16,522.4,-0.0292
MSFT,2025-11-06,497.1,522.4,-0.0484
MSFT,2025-11-07,496.82,522.4,-0.049
MSFT,2025-11-10,506.0,522.4,-0.0314
MSFT,2025-11-11,508.68,522.4,-0.0263
MSFT,2025-11-12,511.14,522.4,-0.0216
MSFT,2025-11-13,503.29,522.4,-0.0366
MSFT,2025-11-14,510.18,522.4,-0.0234
MSFT,2025-11-17,507.49,522.4,-0.0285
MSFT,2025-11-18,493.79,522.4,-0.0548
MSFT,2025-11-19,487.12,522.4,-0.0675
MSFT,2025-11-20,478.43,522.4,-0.0842
MSFT,2025-11-21,472.12,522.4,-0.0962
MSFT,2025-11-24,474.0,522.4,-0.0926
MSFT,2025-11-25,476.99,522.4,-0.0869
MSFT,2025-11-26,485.5,522.4,-0.0706
MSFT,2025-11-28,492.01,522.4,-0.0582
MSFT,2025-12-01,486.74,522.4,-0.0683
MSFT,2025-12-02,490.0,522.4,-0.062
MSFT,2025-12-03,477.73,522.4,-0.0855
MSFT,2025-12-04,480.84,522.4,-0.0796
MSFT,2025-12-05,483.16,522.4,-0.0751
MSFT,2025-12-08,491.02,522.4,-0.0601
MSFT,2025-12-09,492.02,522.4,-0.0582
MSFT,2025-12-10,478.56,522.4,-0.0839
MSFT,2025-12-11,483.47,522.4,-0.0745
MSFT,2025-12-12,478.53,522.4,-0.084
MSFT,2025-12-15,474.82,522.4,-0.0911
MSFT,2025-12-16,476.39,522.4,-0.0881
MSFT,2025-12-17,476.12,522.4,-0.0886
MSFT,2025-12-18,483.98,522.4,-0.0735
MSFT,2025-12-19,485.92,522.4,-0.0698
MSFT,2025-12-22,484.92,522.4,-0.0717
MSFT,2025-12-23,486.85,522.4,-0.0681
MSFT,2025-12-24,488.02,522.4,-0.0658
MSFT,2025-12-26,487.71,522.4,-0.0664
MSFT,2025-12-29,487.1,522.4,-0.0676
MSFT,2025-12-30,487.48,522.4,-0.0668
MSFT,2025-12-31,483.62,522.4,-0.0742
MSFT,2026-01-02,472.94,522.4,-0.0947
MSFT,2026-01-05,472.85,522.4,-0.0949
MSFT,2026-01-06,478.51,522.4,-0.084
MSFT,2026-01-07,483.47,522.4,-0.0745
MSFT,2026-01-08,478.11,522.4,-0.0848
MSFT,2026-01-09,479.28,522.4,-0.0825
MSFT,2026-01-12,477.18,522.4,-0.0866
MSFT,2026-01-13,470.67,522.4,-0.099
MSFT,2026-01-14,459.38,522.4,-0.1206
MSFT,2026-01-15,456.66,522.4,-0.1258
MSFT,2026-01-16,459.86,522.4,-0.1197
MSFT,2026-01-20,454.52,522.4,-0.1299
MSFT,2026-01-21,444.11,522.4,-0.1499
MSFT,2026-01-22,451.14,522.4,-0.1364
MSFT,2026-01-23,465.95,522.4,-0.1081
MSFT,2026-01-26,470.28,522.4,-0.0998
MSFT,2026-01-27,480.58,522.4,-0.0801
MSFT,2026-01-28,481.63,522.4,-0.078
MSFT,2026-01-29,433.5,522.4,-0.1702
MSFT,2026-01-30,430.29,522.4,-0.1763
MSFT,2026-02-02,423.37,522.4,-0.1896
MSFT,2026-02-03,411.21,522.4,-0.2128
MSFT,2026-02-04,414.19,522.4,-0.2071
MSFT,2026-02-05,393.67,522.4,-0.2464
MSFT,2026-02-06,401.14,522.4,-0.2321
MSFT,2026-02-09,413.6,522.4,-0.2083
MSFT,2026-02-10,413.27,522.4,-0.2089
MSFT,2026-02-11,404.37,522.4,-0.2259
MSFT,2026-02-12,401.84,522.4,-0.2308
MSFT,2026-02-13,401.32,522.4,-0.2318
MSFT,2026-02-17,396.86,522.4,-0.2403
MSFT,2026-02-18,399.6,522.4,-0.2351
MSFT,2026-02-19,398.46,522.4,-0.2373
MSFT,2026-02-20,397.23,522.4,-0.2396
MSFT,2026-02-23,384.47,522.4,-0.264
MSFT,2026-02-24,389.0,522.4,-0.2554
MSFT,2026-02-25,400.6,522.4,-0.2332
MSFT,2026-02-26,401.72,522.4,-0.231
MSFT,2026-02-27,392.74,522.4,-0.2482
MSFT,2026-03-02,398.55,522.4,-0.2371
MSFT,2026-03-03,403.93,522.4,-0.2268
MSFT,2026-03-04,405.2,522.4,-0.2243
MSFT,2026-03-05,410.68,522.4,-0.2139
MSFT,2026-03-06,408.96,522.4,-0.2172
MSFT,2026-03-09,409.41,522.4,-0.2163
MSFT,2026-03-10,405.76,522.4,-0.2233
MSFT,2026-03-11,404.88,522.4,-0.225
MSFT,2026-03-12,401.86,522.4,-0.2307
MSFT,2026-03-13,395.55,522.4,-0.2428
NVDA,2025-10-08,189.11,189.11,0.0
NVDA,2025-10-09,192.57,189.11,0.0183
NVDA,2025-10-10,183.16,189.11,-0.0315
NVDA,2025-10-13,188.32,189.11,-0.0042
NVDA,2025-10-14,180.03,189.11,-0.048
NVDA,2025-10-15,179.83,189.11,-0.0491
NVDA,2025-10-16,181.81,189.11,-0.0386
NVDA,2025-10-17,183.22,189.11,-0.0311
NVDA,2025-10-20,182.64,189.11,-0.0342
NVDA,2025-10-21,181.16,189.11,-0.042
NVDA,2025-10-22,180.28,189.11,-0.0467
NVDA,2025-10-23,182.16,189.11,-0.0368
NVDA,2025-10-24,186.26,189.11,-0.0151
NVDA,2025-10-27,191.49,189.11,0.0126
NVDA,2025-10-28,201.03,189.11,0.063
NVDA,2025-10-29,207.04,189.11,0.0948
NVDA,2025-10-30,202.89,189.11,0.0729
NVDA,2025-10-31,202.49,189.11,0.0708
NVDA,2025-11-03,206.88,189.11,0.094
NVDA,2025-11-04,198.69,189.11,0.0507
NVDA,2025-11-05,195.21,189.11,0.0323
NVDA,2025-11-06,188.08,189.11,-0.0054
NVDA,2025-11-07,188.15,189.11,-0.0051
NVDA,2025-11-10,199.05,189.11,0.0526
NVDA,2025-11-11,193.16,189.11,0.0214
NVDA,2025-11-12,193.8,189.11,0.0248
NVDA,2025-11-13,186.86,189.11,-0.0119
NVDA,2025-11-14,190.17,189.11,0.0056
NVDA,2025-11-17,186.6,189.11,-0.0133
NVDA,2025-11-18,181.36,189.11,-0.041
NVDA,2025-11-19,186.52,189.11,-0.0137
NVDA,2025-11-20,180.64,189.11,-0.0448
NVDA,2025-11-21,178.88,189.11,-0.0541
NVDA,2025-11-24,182.55,189.11,-0.0347
NVDA,2025-11-25,177.82,189.11,-0.0597
NVDA,2025-11-26,180.26,189.11,-0.0468
NVDA,2025-11-28,177.0,189.11,-0.064
NVDA,2025-12-01,179.92,189.11,-0.0486
NVDA,2025-12-02,181.46,189.11,-0.0405
NVDA,2025-12-03,179.59,189.11,-0.0503
NVDA,2025-12-04,183.38,189.11,-0.0303
NVDA,2025-12-05,182.41,189.11,-0.0354
NVDA,2025-12-08,185.55,189.11,-0.0188
NVDA,2025-12-09,184.97,189.11,-0.0219
NVDA,2025-12-10,183.78,189.11,-0.0282
NVDA,2025-12-11,180.93,189.11,-0.0433
NVDA,2025-12-12,175.02,189.11,-0.0745
NVDA,2025-12-15,176.29,189.11,-0.0678
NVDA,2025-12-16,177.72,189.11,-0.0602
NVDA,2025-12-17,170.94,189.11,-0.0961
NVDA,2025-12-18,174.14,189.11,-0.0792
NVDA,2025-12-19,180.99,189.11,-0.0429
NVDA,2025-12-22,183.69,189.11,-0.0287
NVDA,2025-12-23,189.21,189.11,0.0005
NVDA,2025-12-24,188.61,189.11,-0.0026
NVDA,2025-12-26,190.53,189.11,0.0075
NVDA,2025-12-29,188.22,189.11,-0.0047
NVDA,2025-12-30,187.54,189.11,-0.0083
NVDA,2025-12-31,186.5,189.11,-0.0138
NVDA,2026-01-02,188.85,189.11,-0.0014
NVDA,2026-01-05,188.12,189.11,-0.0052
NVDA,2026-01-06,187.24,189.11,-0.0099
NVDA,2026-01-07,189.11,189.11,0.0
NVDA,2026-01-08,185.04,189.11,-0.0215
NVDA,2026-01-09,184.86,189.11,-0.0225
NVDA,2026-01-12,184.94,189.11,-0.0221
NVDA,2026-01-13,185.81,189.11,-0.0175
NVDA,2026-01-14,183.14,189.11,-0.0316
NVDA,2026-01-15,187.05,189.11,-0.0109
NVDA,2026-01-16,186.23,189.11,-0.0152
NVDA,2026-01-20,178.07,189.11,-0.0584
NVDA,2026-01-21,183.32,189.11,-0.0306
NVDA,2026-01-22,184.84,189.11,-0.0226
NVDA,2026-01-23,187.67,189.11,-0.0076
NVDA,2026-01-26,186.47,189.11,-0.014
NVDA,2026-01-27,188.52,189.11,-0.0031
NVDA,2026-01-28,191.52,189.11,0.0127
NVDA,2026-01-29,192.51,189.11,0.018
NVDA,2026-01-30,191.13,189.11,0.0107
NVDA,2026-02-02,185.61,189.11,-0.0185
NVDA,2026-02-03,180.34,189.11,-0.0464
NVDA,2026-02-04,174.19,189.11,-0.0789
NVDA,2026-02-05,171.88,189.11,-0.0911
NVDA,2026-02-06,185.41,189.11,-0.0196
NVDA,2026-02-09,190.04,189.11,0.0049
NVDA,2026-02-10,188.54,189.11,-0.003
NVDA,2026-02-11,190.05,189.11,0.005
NVDA,2026-02-12,186.94,189.11,-0.0115
NVDA,2026-02-13,182.81,189.11,-0.0333
NVDA,2026-02-17,184.97,189.11,-0.0219
NVDA,2026-02-18,187.98,189.11,-0.006
NVDA,2026-02-19,187.9,189.11,-0.0064
NVDA,2026-02-20,189.82,189.11,0.0038
NVDA,2026-02-23,191.55,189.11,0.0129
NVDA,2026-02-24,192.85,189.11,0.0198
NVDA,2026-02-25,195.56,189.11,0.0341
NVDA,2026-02-26,184.89,189.11,-0.0223
NVDA,2026-02-27,177.19,189.11,-0.063
NVDA,2026-03-02,182.48,189.11,-0.0351
NVDA,2026-03-03,180.05,189.11,-0.0479
NVDA,2026-03-04,183.04,189.11,-0.0321
NVDA,2026-03-05,183.34,189.11,-0.0305
NVDA,2026-03-06,177.82,189.11,-0.0597
NVDA,2026-03-09,182.65,189.11,-0.0342
NVDA,2026-03-10,184.77,189.11,-0.0229
NVDA,2026-03-11,186.03,189.11,-0.0163
NVDA,2026-03-12,183.14,189.11,-0.0316
NVDA,2026-03-13,180.25,189.11,-0.0469
TSLA,2025-10-09,435.54,435.54,0.0
TSLA,2025-10-10,413.49,435.54,-0.0506
TSLA,2025-10-13,435.9,435.54,0.0008
TSLA,2025-10-14,429.24,435.54,-0.0145
TSLA,2025-10-15,435.15,435.54,-0.0009
TSLA,2025-10-16,428.75,435.54,-0.0156
TSLA,2025-10-17,439.31,435.54,0.0087
TSLA,2025-10-20,447.43,435.54,0.0273
TSLA,2025-10-21,442.6,435.54,0.0162
TSLA,2025-10-22,438.97,435.54,0.0079
TSLA,2025-10-23,448.98,435.54,0.0309
TSLA,2025-10-24,433.72,435.54,-0.0042
TSLA,2025-10-27,452.42,435.54,0.0388
TSLA,2025-10-28,460.55,435.54,0.0574
TSLA,2025-10-29,461.51,435.54,0.0596
TSLA,2025-10-30,440.1,435.54,0.0105
TSLA,2025-10-31,456.56,435.54,0.0483
TSLA,2025-11-03,468.37,435.54,0.0754
TSLA,2025-11-04,444.26,435.54,0.02
TSLA,2025-11-05,462.07,435.54,0.0609
TSLA,2025-11-06,445.91,435.54,0.0238
TSLA,2025-11-07,429.52,435.54,-0.0138
TSLA,2025-11-10,445.23,435.54,0.0222
TSLA,2025-11-11,439.62,435.54,0.0094
TSLA,2025-11-12,430.6,435.54,-0.0113
TSLA,2025-11-13,401.99,435.54,-0.077
TSLA,2025-11-14,404.35,435.54,-0.0716
TSLA,2025-11-17,408.92,435.54,-0.0611
TSLA,2025-11-18,401.25,435.54,-0.0787
TSLA,2025-11-19,403.99,435.54,-0.0724
TSLA,2025-11-20,395.23,435.54,-0.0926
TSLA,2025-11-21,391.09,435.54,-0.1021
TSLA,2025-11-24,417.78,435.54,-0.0408
TSLA,2025-11-25,419.4,435.54,-0.0371
TSLA,2025-11-26,426.58,435.54,-0.0206
TSLA,2025-11-28,430.17,435.54,-0.0123
TSLA,2025-12-01,430.14,435.54,-0.0124
TSLA,2025-12-02,429.24,435.54,-0.0145
TSLA,2025-12-03,446.74,435.54,0.0257
TSLA,2025-12-04,454.53,435.54,0.0436
TSLA,2025-12-05,455.0,435.54,0.0447
TSLA,2025-12-08,439.58,435.54,0.0093
TSLA,2025-12-09,445.17,435.54,0.0221
TSLA,2025-12-10,451.45,435.54,0.0365
TSLA,2025-12-11,446.89,435.54,0.0261
TSLA,2025-12-12,458.96,435.54,0.0538
TSLA,2025-12-15,475.31,435.54,0.0913
TSLA,2025-12-16,489.88,435.54,0.1248
TSLA,2025-12-17,467.26,435.54,0.0728
TSLA,2025-12-18,483.37,435.54,0.1098
TSLA,2025-12-19,481.2,435.54,0.1048
TSLA,2025-12-22,488.73,435.54,0.1221
TSLA,2025-12-23,485.56,435.54,0.1148
TSLA,2025-12-24,485.4,435.54,0.1145
TSLA,2025-12-26,475.19,435.54,0.091
TSLA,2025-12-29,459.64,435.54,0.0553
TSLA,2025-12-30,454.43,435.54,0.0434
TSLA,2025-12-31,449.72,435.54,0.0326
TSLA,2026-01-02,438.07,435.54,0.0058
TSLA,2026-01-05,451.67,435.54,0.037
TSLA,2026-01-06,432.96,435.54,-0.0059
TSLA,2026-01-07,431.41,435.54,-0.0095
TSLA,2026-01-08,435.8,435.54,0.0006
TSLA,2026-01-09,445.01,435.54,0.0217
TSLA,2026-01-12,448.96,435.54,0.0308
TSLA,2026-01-13,447.2,435.54,0.0268
TSLA,2026-01-14,439.2,435.54,0.0084
TSLA,2026-01-15,438.57,435.54,0.007
TSLA,2026-01-16,437.5,435.54,0.0045
TSLA,2026-01-20,419.25,435.54,-0.0374
TSLA,2026-01-21,431.44,435.54,-0.0094
TSLA,2026-01-22,449.36,435.54,0.0317
TSLA,2026-01-23,449.06,435.54,0.031
TSLA,2026-01-26,435.2,435.54,-0.0008
TSLA,2026-01-27,430.9,435.54,-0.0107
TSLA,2026-01-28,431.46,435.54,-0.0094
TSLA,2026-01-29,416.56,435.54,-0.0436
TSLA,2026-01-30,430.41,435.54,-0.0118
TSLA,2026-02-02,421.81,435.54,-0.0315
TSLA,2026-02-03,421.96,435.54,-0.0312
TSLA,2026-02-04,406.01,435.54,-0.0678
TSLA,2026-02-05,397.21,435.54,-0.088
TSLA,2026-02-06,411.11,435.54,-0.0561
TSLA,2026-02-09,417.32,435.54,-0.0418
TSLA,2026-02-10,425.21,435.54,-0.0237
TSLA,2026-02-11,428.27,435.54,-0.0167
TSLA,2026-02-12,417.07,435.54,-0.0424
TSLA,2026-02-13,417.44,435.54,-0.0416
TSLA,2026-02-17,410.63,435.54,-0.0572
TSLA,2026-02-18,411.32,435.54,-0.0556
TSLA,2026-02-19,411.71,435.54,-0.0547
TSLA,2026-02-20,411.82,435.54,-0.0545
TSLA,2026-02-23,399.83,435.54,-0.082
TSLA,2026-02-24,409.38,435.54,-0.0601
TSLA,2026-02-25,417.4,435.54,-0.0416
TSLA,2026-02-26,408.58,435.54,-0.0619
TSLA,2026-02-27,402.51,435.54,-0.0758
TSLA,2026-03-02,403.32,435.54,-0.074
TSLA,2026-03-03,392.43,435.54,-0.099
TSLA,2026-03-04,405.94,435.54,-0.068
