symbol,date,close,prev_close,daily_return
AAPL,2025-10-09,254.04,,
AAPL,2025-10-10,245.27,254.04,-0.0345
AAPL,2025-10-13,247.66,245.27,0.0097
AAPL,2025-10-14,247.77,247.66,0.0004
AAPL,2025-10-15,249.34,247.77,0.0063
AAPL,2025-10-16,247.45,249.34,-0.0076
AAPL,2025-10-17,252.29,247.45,0.0196
AAPL,2025-10-20,262.24,252.29,0.0394
AAPL,2025-10-21,262.77,262.24,0.002
AAPL,2025-10-22,258.45,262.77,-0.0164
AAPL,2025-10-23,259.58,258.45,0.0044
AAPL,2025-10-24,262.82,259.58,0.0125
AAPL,2025-10-27,268.81,262.82,0.0228
AAPL,2025-10-28,269.0,268.81,0.0007
AAPL,2025-10-29,269.7,269.0,0.0026
AAPL,2025-10-30,271.4,269.7,0.0063
AAPL,2025-10-31,270.37,271.4,-0.0038
AAPL,2025-11-03,269.05,270.37,-0.0049
AAPL,2025-11-04,270.04,269.05,0.0037
AAPL,2025-11-05,270.14,270.04,0.0004
AAPL,2025-11-06,269.77,270.14,-0.0014
AAPL,2025-11-07,268.47,269.77,-0.0048
AAPL,2025-11-10,269.43,268.47,0.0036
AAPL,2025-11-11,275.25,269.43,0.0216
AAPL,2025-11-12,273.47,275.25,-0.0065
AAPL,2025-11-13,272.95,273.47,-0.0019
AAPL,2025-11-14,272.41,272.95,-0.002
AAPL,2025-11-17,267.46,272.41,-0.0182
AAPL,2025-11-18,267.44,267.46,-0.0001
AAPL,2025-11-19,268.56,267.44,0.0042
AAPL,2025-11-20,266.25,268.56,-0.0086
AAPL,2025-11-21,271.49,266.25,0.0197
AAPL,2025-11-24,275.92,271.49,0.0163
AAPL,2025-11-25,276.97,275.92,0.0038
AAPL,2025-11-26,277.55,276.97,0.0021
AAPL,2025-11-28,278.85,277.55,0.0047
AAPL,2025-12-01,283.1,278.85,0.0152
AAPL,2025-12-02,286.19,283.1,0.0109
AAPL,2025-12-03,284.15,286.19,-0.0071
AAPL,2025-12-04,280.7,284.15,-0.0121
AAPL,2025-12-05,278.78,280.7,-0.0068
AAPL,2025-12-08,277.89,278.78,-0.0032
AAPL,2025-12-09,277.18,277.89,-0.0026
AAPL,2025-12-10,278.78,277.18,0.0058
AAPL,2025-12-11,278.03,278.78,-0.0027
AAPL,2025-12-12,278.28,278.03,0.0009
AAPL,2025-12-15,274.11,278.28,-0.015
AAPL,2025-12-16,274.61,274.11,0.0018
AAPL,2025-12-17,271.84,274.61,-0.0101
AAPL,2025-12-18,272.19,271.84,0.0013
AAPL,2025-12-19,273.67,272.19,0.0054
AAPL,2025-12-22,270.97,273.67,-0.0099
AAPL,2025-12-23,272.36,270.97,0.0051
AAPL,2025-12-24,273.81,272.36,0.0053
AAPL,2025-12-26,273.4,273.81,-0.0015
AAPL,2025-12-29,273.76,273.4,0.0013
AAPL,2025-12-30,273.08,273.76,-0.0025
AAPL,2025-12-31,271.86,273.08,-0.0045
AAPL,2026-01-02,271.01,271.86,-0.0031
AAPL,2026-01-05,267.26,271.01,-0.0138
AAPL,2026-01-06,262.36,267.26,-0.0183
AAPL,2026-01-07,260.33,262.36,-0.0077
AAPL,2026-01-08,259.04,260.33,-0.005
AAPL,2026-01-09,259.37,259.04,0.0013
AAPL,2026-01-12,260.25,259.37,0.0034
AAPL,2026-01-13,261.05,260.25,0.0031
AAPL,2026-01-14,259.96,261.05,-0.0042
AAPL,2026-01-15,258.21,259.96,-0.0067
AAPL,2026-01-16,255.53,258.21,-0.0104
AAPL,2026-01-20,246.7,255.53,-0.0346
AAPL,2026-01-21,247.65,246.7,0.0039
AAPL,2026-01-22,248.35,247.65,0.0028
AAPL,2026-01-23,248.04,248.35,-0.0012
AAPL,2026-01-26,255.41,248.04,0.0297
AAPL,2026-01-27,258.27,255.41,0.0112
AAPL,2026-01-28,256.44,258.27,-0.0071
AAPL,2026-01-29,258.28,256.44,0.0072
AAPL,2026-01-30,259.48,258.28,0.0046
AAPL,2026-02-02,270.01,259.48,0.0406
AAPL,2026-02-03,269.48,270.01,-0.002
AAPL,2026-02-04,276.49,269.48,0.026
AAPL,2026-02-05,275.91,276.49,-0.0021
AAPL,2026-02-06,278.12,275.91,0.008
AAPL,2026-02-09,274.62,278.12,-0.0126
AAPL,2026-02-10,273.68,274.62,-0.0034
AAPL,2026-02-11,275.5,273.68,0.0067
AAPL,2026-02-12,261.73,275.5,-0.05
AAPL,2026-02-13,255.78,261.73,-0.0227
AAPL,2026-02-17,263.88,255.78,0.0317
AAPL,2026-02-18,264.35,263.88,0.0018
AAPL,2026-02-19,260.58,264.35,-0.0143
AAPL,2026-02-20,264.58,260.58,0.0154
AAPL,2026-02-23,266.18,264.58,0.006
AAPL,2026-02-24,272.14,266.18,0.0224
AAPL,2026-02-25,274.23,272.14,0.0077
AAPL,2026-02-26,272.95,274.23,-0.0047
AAPL,2026-02-27,264.18,272.95,-0.0321
AAPL,2026-03-02,264.72,264.18,0.002
AAPL,2026-03-03,263.75,264.72,-0.0037
AAPL,2026-03-04,262.52,263.75,-0.0047
AAPL,2026-03-05,260.29,262.52,-0.0085
AAPL,2026-03-06,257.46,260.29,-0.0109
AAPL,2026-03-09,259.88,257.46,0.0094
AAPL,2026-03-10,260.83,259.88,0.0037
AAPL,2026-03-11,260.81,260.83,-0.0001
AAPL,2026-03-12,255.76,260.81,-0.0194
AAPL,2026-03-13,250.12,255.76,-0.0221
AAPL,2026-03-16,252.82,250.12,0.0108
AAPL,2026-03-17,254.23,252.82,0.0056
AAPL,2026-03-18,249.94,254.23,-0.0169
AAPL,2026-03-19,248.96,249.94,-0.0039
AAPL,2026-03-20,247.99,248.96,-0.0039
AMZN,2025-10-09,227.74,,
AMZN,2025-10-10,216.37,227.74,-0.0499
AMZN,2025-10-13,220.07,216.37,0.0171
AMZN,2025-10-14,216.39,220.07,-0.0167
AMZN,2025-10-15,215.57,216.39,-0.0038
AMZN,2025-10-16,214.47,215.57,-0.0051
AMZN,2025-10-17,213.04,214.47,-0.0067
AMZN,2025-10-20,216.48,213.04,0.0161
AMZN,2025-10-21,222.03,216.48,0.0256
AMZN,2025-10-22,217.95,222.03,-0.0184
AMZN,2025-10-23,221.09,217.95,0.0144
AMZN,2025-10-24,224.21,221.09,0.0141
AMZN,2025-10-27,226.97,224.21,0.0123
AMZN,2025-10-28,229.25,226.97,0.01
AMZN,2025-10-29,230.3,229.25,0.0046
AMZN,2025-10-30,222.86,230.3,-0.0323
AMZN,2025-10-31,244.22,222.86,0.0958
AMZN,2025-11-03,254.0,244.22,0.04
AMZN,2025-11-04,249.32,254.0,-0.0184
AMZN,2025-11-05,250.2,249.32,0.0035
AMZN,2025-11-06,243.04,250.2,-0.0286
AMZN,2025-11-07,244.41,243.04,0.0056
AMZN,2025-11-10,248.4,244.41,0.0163
AMZN,2025-11-11,249.1,248.4,0.0028
AMZN,2025-11-12,244.2,249.1,-0.0197
AMZN,2025-11-13,237.58,244.2,-0.0271
AMZN,2025-11-14,234.69,237.58,-0.0122
AMZN,2025-11-17,232.87,234.69,-0.0078
AMZN,2025-11-18,222.55,232.87,-0.0443
AMZN,2025-11-19,222.69,222.55,0.0006
AMZN,2025-11-20,217.14,222.69,-0.0249
AMZN,2025-11-21,220.69,217.14,0.0163
AMZN,2025-11-24,226.28,220.69,0.0253
AMZN,2025-11-25,229.67,226.28,0.015
AMZN,2025-11-26,229.16,229.67,-0.0022
AMZN,2025-11-28,233.22,229.16,0.0177
AMZN,2025-12-01,233.88,233.22,0.0028
AMZN,2025-12-02,234.42,233.88,0.0023
AMZN,2025-12-03,232.38,234.42,-0.0087
AMZN,2025-12-04,229.11,232.38,-0.0141
AMZN,2025-12-05,229.53,229.11,0.0018
AMZN,2025-12-08,226.89,229.53,-0.0115
AMZN,2025-12-09,227.92,226.89,0.0045
AMZN,2025-12-10,231.78,227.92,0.0169
AMZN,2025-12-11,230.28,231.78,-0.0065
AMZN,2025-12-12,226.19,230.28,-0.0178
AMZN,2025-12-15,222.54,226.19,-0.0161
AMZN,2025-12-16,222.56,222.54,0.0001
AMZN,2025-12-17,221.27,222.56,-0.0058
AMZN,2025-12-18,226.76,221.27,0.0248
AMZN,2025-12-19,227.35,226.76,0.0026
AMZN,2025-12-22,228.43,227.35,0.0048
AMZN,2025-12-23,232.14,228.43,0.0162
AMZN,2025-12-24,232.38,232.14,0.001
AMZN,2025-12-26,232.52,232.38,0.0006
AMZN,2025-12-29,232.07,232.52,-0.0019
AMZN,2025-12-30,232.53,232.07,0.002
AMZN,2025-12-31,230.82,232.53,-0.0074
AMZN,2026-01-02,226.5,230.82,-0.0187
AMZN,2026-01-05,233.06,226.5,0.029
AMZN,2026-01-06,240.93,233.06,0.0338
AMZN,2026-01-07,241.56,240.93,0.0026
AMZN,2026-01-08,246.29,241.56,0.0196
AMZN,2026-01-09,247.38,246.29,0.0044
AMZN,2026-01-12,246.47,247.38,-0.0037
AMZN,2026-01-13,242.6,246.47,-0.0157
AMZN,2026-01-14,236.65,242.6,-0.0245
AMZN,2026-01-15,238.18,236.65,0.0065
AMZN,2026-01-16,239.12,238.18,0.0039
AMZN,2026-01-20,231.0,239.12,-0.034
AMZN,2026-01-21,231.31,231.0,0.0013
AMZN,2026-01-22,234.34,231.31,0.0131
AMZN,2026-01-23,239.16,234.34,0.0206
AMZN,2026-01-26,238.42,239.16,-0.0031
AMZN,2026-01-27,244.68,238.42,0.0263
AMZN,2026-01-28,243.01,244.68,-0.0068
AMZN,2026-01-29,241.73,243.01,-0.0053
AMZN,2026-01-30,239.3,241.73,-0.0101
AMZN,2026-02-02,242.96,239.3,0.0153
AMZN,2026-02-03,238.62,242.96,-0.0179
AMZN,2026-02-04,232.99,238.62,-0.0236
AMZN,2026-02-05,222.69,232.99,-0.0442
AMZN,2026-02-06,210.32,222.69,-0.0555
AMZN,2026-02-09,208.72,210.32,-0.0076
AMZN,2026-02-10,206.96,208.72,-0.0084
AMZN,2026-02-11,204.08,206.96,-0.0139
AMZN,2026-02-12,199.6,204.08,-0.022
AMZN,2026-02-13,198.79,199.6,-0.0041
AMZN,2026-02-17,201.15,198.79,0.0119
AMZN,2026-02-18,204.79,201.15,0.0181
AMZN,2026-02-19,204.86,204.79,0.0003
AMZN,2026-02-20,210.11,204.86,0.0256
AMZN,2026-02-23,205.27,210.11,-0.023
AMZN,2026-02-24,208.56,205.27,0.016
AMZN,2026-02-25,210.64,208.56,0.01
AMZN,2026-02-26,207.92,210.64,-0.0129
AMZN,2026-02-27,210.0,207.92,0.01
AMZN,2026-03-02,208.39,210.0,-0.0077
AMZN,2026-03-03,208.73,208.39,0.0016
AMZN,2026-03-04,216.82,208.73,0.0388
AMZN,2026-03-05,218.94,216.82,0.0098
AMZN,2026-03-06,213.21,218.94,-0.0262
AMZN,2026-03-09,213.49,213.21,0.0013
AMZN,2026-03-10,214.33,213.49,0.0039
AMZN,2026-03-11,212.65,214.33,-0.0078
AMZN,2026-03-12,209.53,212.65,-0.0147
AMZN,2026-03-13,207.67,209.53,-0.0089
AMZN,2026-03-16,211.74,207.67,0.0196
AMZN,2026-03-17,215.2,211.74,0.0163
AMZN,2026-03-18,209.87,215.2,-0.0248
AMZN,2026-03-19,208.76,209.87,-0.0053
AMZN,2026-03-20,205.37,208.76,-0.0162
BRK.A,2025-10-09,744704.82,,
BRK.A,2025-10-10,734180.0,744704.82,-0.0141
BRK.A,2025-10-13,738130.0,734180.0,0.0054
BRK.A,2025-10-14,743524.6,738130.0,0.0073
BRK.A,2025-10-15,744040.01,743524.6,0.0007
BRK.A,2025-10-16,733080.0,744040.01,-0.0147
BRK.A,2025-10-17,738200.0,733080.0,0.007
BRK.A,2025-10-20,740600.0,738200.0,0.0033
BRK.A,2025-10-21,736600.01,740600.0,-0.0054
BRK.A,2025-10-22,736752.0,736600.01,0.0002
BRK.A,2025-10-23,735600.0,736752.0,-0.0016
BRK.A,2025-10-24,738500.0,735600.0,0.0039
BRK.A,2025-10-27,732650.0,738500.0,-0.0079
BRK.A,2025-10-28,722494.72,732650.0,-0.0139
BRK.A,2025-10-29,712900.0,722494.72,-0.0133
BRK.A,2025-10-30,717922.02,712900.0,0.007
BRK.A,2025-10-31,715740.0,717922.02,-0.003
BRK.A,2025-11-03,712170.14,715740.0,-0.005
BRK.A,2025-11-04,731117.62,712170.14,0.0266
BRK.A,2025-11-05,736150.0,731117.62,0.0069
BRK.A,2025-11-06,739900.0,736150.0,0.0051
BRK.A,2025-11-07,748320.0,739900.0,0.0114
BRK.A,2025-11-10,744500.1,748320.0,-0.0051
BRK.A,2025-11-11,745751.37,744500.1,0.0017
BRK.A,2025-11-12,756363.0,745751.37,0.0142
BRK.A,2025-11-13,770184.85,756363.0,0.0183
BRK.A,2025-11-14,763866.71,770184.85,-0.0082
BRK.A,2025-11-17,755420.0,763866.71,-0.0111
BRK.A,2025-11-18,755597.37,755420.0,0.0002
BRK.A,2025-11-19,752464.42,755597.37,-0.0041
BRK.A,2025-11-20,754625.0,752464.42,0.0029
BRK.A,2025-11-21,755320.0,754625.0,0.0009
BRK.A,2025-11-24,762999.99,755320.0,0.0102
BRK.A,2025-11-25,763000.0,762999.99,0.0
BRK.A,2025-11-26,767865.65,763000.0,0.0064
BRK.A,2025-11-28,770100.0,767865.65,0.0029
BRK.A,2025-12-01,761160.59,770100.0,-0.0116
BRK.A,2025-12-02,760100.05,761160.59,-0.0014
BRK.A,2025-12-03,758000.0,760100.05,-0.0028
BRK.A,2025-12-04,754745.88,758000.0,-0.0043
BRK.A,2025-12-05,755800.0,754745.88,0.0014
BRK.A,2025-12-08,745120.0,755800.0,-0.0141
BRK.A,2025-12-09,736300.0,745120.0,-0.0118
BRK.A,2025-12-10,735276.0,736300.0,-0.0014
BRK.A,2025-12-11,742550.0,735276.0,0.0099
BRK.A,2025-12-12,748886.97,742550.0,0.0085
BRK.A,2025-12-15,758900.01,748886.97,0.0134
BRK.A,2025-12-16,749120.0,758900.01,-0.0129
BRK.A,2025-12-17,756120.01,749120.0,0.0093
BRK.A,2025-12-18,755699.95,756120.01,-0.0006
BRK.A,2025-12-19,745600.0,755699.95,-0.0134
BRK.A,2025-12-22,750005.66,745600.0,0.0059
BRK.A,2025-12-23,750560.0,750005.66,0.0007
BRK.A,2025-12-24,751245.04,750560.0,0.0009
BRK.A,2025-12-26,747000.0,751245.04,-0.0057
BRK.A,2025-12-29,752000.0,747000.0,0.0067
BRK.A,2025-12-30,755400.0,752000.0,0.0045
BRK.A,2025-12-31,754800.0,755400.0,-0.0008
BRK.A,2026-01-02,744120.0,754800.0,-0.0141
BRK.A,2026-01-05,748250.0,744120.0,0.0056
BRK.A,2026-01-06,748000.0,748250.0,-0.0003
BRK.A,2026-01-07,745000.0,748000.0,-0.004
BRK.A,2026-01-08,750300.0,745000.0,0.0071
BRK.A,2026-01-09,748060.0,750300.0,-0.003
BRK.A,2026-01-12,747860.0,748060.0,-0.0003
BRK.A,2026-01-13,742300.0,747860.0,-0.0074
BRK.A,2026-01-14,743438.0,742300.0,0.0015
BRK.A,2026-01-15,738690.9,743438.0,-0.0064
BRK.A,2026-01-16,740750.0,738690.9,0.0028
BRK.A,2026-01-20,727500.05,740750.0,-0.0179
BRK.A,2026-01-21,724079.49,727500.05,-0.0047
BRK.A,2026-01-22,726200.0,724079.49,0.0029
BRK.A,2026-01-23,720932.18,726200.0,-0.0073
BRK.A,2026-01-26,726420.0,720932.18,0.0076
BRK.A,2026-01-27,713000.0,726420.0,-0.0185
BRK.A,2026-01-28,709500.0,713000.0,-0.0049
BRK.A,2026-01-29,714000.0,709500.0,0.0063
BRK.A,2026-01-30,722500.0,714000.0,0.0119
BRK.A,2026-02-02,729425.0,722500.0,0.0096
BRK.A,2026-02-03,740149.86,729425.0,0.0147
BRK.A,2026-02-04,757890.0,740149.86,0.024
BRK.A,2026-02-05,756943.0,757890.0,-0.0012
BRK.A,2026-02-06,762569.63,756943.0,0.0074
BRK.A,2026-02-09,747806.0,762569.63,-0.0194
BRK.A,2026-02-10,750020.0,747806.0,0.003
BRK.A,2026-02-11,748456.2,750020.0,-0.0021
BRK.A,2026-02-12,749540.0,748456.2,0.0014
BRK.A,2026-02-13,751424.99,749540.0,0.0025
BRK.A,2026-02-17,754910.0,751424.99,0.0046
BRK.A,2026-02-18,747960.0,754910.0,-0.0092
BRK.A,2026-02-19,746100.0,747960.0,-0.0025
BRK.A,2026-02-20,746500.01,746100.0,0.0005
BRK.A,2026-02-23,740200.0,746500.01,-0.0084
BRK.A,2026-02-24,741200.0,740200.0,0.0014
BRK.A,2026-02-25,742000.0,741200.0,0.0011
BRK.A,2026-02-26,753250.0,742000.0,0.0152
BRK.A,2026-02-27,757000.0,753250.0,0.005
BRK.A,2026-03-02,720000.0,757000.0,-0.0489
BRK.A,2026-03-03,721044.89,720000.0,0.0015
BRK.A,2026-03-04,730707.01,721044.89,0.0134
GOOGL,2025-10-09,241.53,,
GOOGL,2025-10-10,236.57,241.53,-0.0205
GOOGL,2025-10-13,244.15,236.57,0.032
GOOGL,2025-10-14,245.45,244.15,0.0053
GOOGL,2025-10-15,251.03,245.45,0.0227
GOOGL,2025-10-16,251.46,251.03,0.0017
GOOGL,2025-10-17,253.3,251.46,0.0073
GOOGL,2025-10-20,256.55,253.3,0.0128
GOOGL,2025-10-21,250.46,256.55,-0.0237
GOOGL,2025-10-22,251.69,250.46,0.0049
GOOGL,2025-10-23,253.08,251.69,0.0055
GOOGL,2025-10-24,259.92,253.08,0.027
GOOGL,2025-10-27,269.27,259.92,0.036
GOOGL,2025-10-28,267.47,269.27,-0.0067
GOOGL,2025-10-29,274.57,267.47,0.0265
GOOGL,2025-10-30,281.48,274.57,0.0252
GOOGL,2025-10-31,281.19,281.48,-0.001
GOOGL,2025-11-03,283.72,281.19,0.009
GOOGL,2025-11-04,277.54,283.72,-0.0218
GOOGL,2025-11-05,284.31,277.54,0.0244
GOOGL,2025-11-06,284.75,284.31,0.0015
GOOGL,2025-11-07,278.83,284.75,-0.0208
GOOGL,2025-11-10,290.1,278.83,0.0404
GOOGL,2025-11-11,291.31,290.1,0.0042
GOOGL,2025-11-12,286.71,291.31,-0.0158
GOOGL,2025-11-13,278.57,286.71,-0.0284
GOOGL,2025-11-14,276.41,278.57,-0.0078
GOOGL,2025-11-17,285.02,276.41,0.0311
GOOGL,2025-11-18,284.28,285.02,-0.0026
GOOGL,2025-11-19,292.81,284.28,0.03
GOOGL,2025-11-20,289.45,292.81,-0.0115
GOOGL,2025-11-21,299.66,289.45,0.0353
GOOGL,2025-11-24,318.58,299.66,0.0631
GOOGL,2025-11-25,323.44,318.58,0.0153
GOOGL,2025-11-26,319.95,323.44,-0.0108
GOOGL,2025-11-28,320.18,319.95,0.0007
GOOGL,2025-12-01,314.89,320.18,-0.0165
GOOGL,2025-12-02,315.81,314.89,0.0029
GOOGL,2025-12-03,319.63,315.81,0.0121
GOOGL,2025-12-04,317.62,319.63,-0.0063
GOOGL,2025-12-05,321.27,317.62,0.0115
GOOGL,2025-12-08,313.72,321.27,-0.0235
GOOGL,2025-12-09,317.08,313.72,0.0107
GOOGL,2025-12-10,320.21,317.08,0.0099
GOOGL,2025-12-11,312.43,320.21,-0.0243
GOOGL,2025-12-12,309.29,312.43,-0.0101
GOOGL,2025-12-15,308.22,309.29,-0.0035
GOOGL,2025-12-16,306.57,308.22,-0.0054
GOOGL,2025-12-17,296.72,306.57,-0.0321
GOOGL,2025-12-18,302.46,296.72,0.0193
GOOGL,2025-12-19,307.16,302.46,0.0155
GOOGL,2025-12-22,309.78,307.16,0.0085
GOOGL,2025-12-23,314.35,309.78,0.0148
GOOGL,2025-12-24,314.09,314.35,-0.0008
GOOGL,2025-12-26,313.51,314.09,-0.0018
GOOGL,2025-12-29,313.56,313.51,0.0002
GOOGL,2025-12-30,313.85,313.56,0.0009
GOOGL,2025-12-31,313.0,313.85,-0.0027
GOOGL,2026-01-02,315.15,313.0,0.0069
GOOGL,2026-01-05,316.54,315.15,0.0044
GOOGL,2026-01-06,314.34,316.54,-0.007
GOOGL,2026-01-07,321.98,314.34,0.0243
GOOGL,2026-01-08,325.44,321.98,0.0107
GOOGL,2026-01-09,328.57,325.44,0.0096
GOOGL,2026-01-12,331.86,328.57,0.01
GOOGL,2026-01-13,335.97,331.86,0.0124
GOOGL,2026-01-14,335.84,335.97,-0.0004
GOOGL,2026-01-15,332.78,335.84,-0.0091
GOOGL,2026-01-16,330.0,332.78,-0.0084
GOOGL,2026-01-20,322.0,330.0,-0.0242
GOOGL,2026-01-21,328.38,322.0,0.0198
GOOGL,2026-01-22,330.54,328.38,0.0066
GOOGL,2026-01-23,327.93,330.54,-0.0079
GOOGL,2026-01-26,333.26,327.93,0.0163
GOOGL,2026-01-27,334.55,333.26,0.0039
GOOGL,2026-01-28,336.01,334.55,0.0044
GOOGL,2026-01-29,338.25,336.01,0.0067
GOOGL,2026-01-30,338.0,338.25,-0.0007
GOOGL,2026-02-02,343.69,338.0,0.0168
GOOGL,2026-02-03,339.71,343.69,-0.0116
GOOGL,2026-02-04,333.04,339.71,-0.0196
GOOGL,2026-02-05,331.25,333.04,-0.0054
GOOGL,2026-02-06,322.86,331.25,-0.0253
GOOGL,2026-02-09,324.32,322.86,0.0045
GOOGL,2026-02-10,318.58,324.32,-0.0177
GOOGL,2026-02-11,310.96,318.58,-0.0239
GOOGL,2026-02-12,309.0,310.96,-0.0063
GOOGL,2026-02-13,305.72,309.0,-0.0106
GOOGL,2026-02-17,302.02,305.72,-0.0121
GOOGL,2026-02-18,303.33,302.02,0.0043
GOOGL,2026-02-19,302.85,303.33,-0.0016
GOOGL,2026-02-20,314.98,302.85,0.0401
GOOGL,2026-02-23,311.49,314.98,-0.0111
GOOGL,2026-02-24,310.9,311.49,-0.0019
GOOGL,2026-02-25,312.9,310.9,0.0064
GOOGL,2026-02-26,307.38,312.9,-0.0176
GOOGL,2026-02-27,311.76,307.38,0.0142
GOOGL,2026-03-02,306.52,311.76,-0.0168
GOOGL,2026-03-03,303.58,306.52,-0.0096
GOOGL,2026-03-04,303.13,303.58,-0.0015
GOOGL,2026-03-05,300.88,303.13,-0.0074
GOOGL,2026-03-06,298.52,300.88,-0.0078
GOOGL,2026-03-09,306.36,298.52,0.0263
GOOGL,2026-03-10,307.04,306.36,0.0022
GOOGL,2026-03-11,308.7,307.04,0.0054
GOOGL,2026-03-12,303.55,308.7,-0.0167
GOOGL,2026-03-13,302.28,303.55,-0.0042
GOOGL,2026-03-16,305.56,302.28,0.0109
GOOGL,2026-03-17,310.92,305.56,0.0175
GOOGL,2026-03-18,307.69,310.92,-0.0104
GOOGL,2026-03-19,307.13,307.69,-0.0018
GOOGL,2026-03-20,301.0,307.13,-0.02
JPM,2025-10-09,305.53,,
JPM,2025-10-10,300.89,305.53,-0.0152
JPM,2025-10-13,307.97,300.89,0.0235
JPM,2025-10-14,302.08,307.97,-0.0191
JPM,2025-10-15,305.69,302.08,0.012
JPM,2025-10-16,298.54,305.69,-0.0234
JPM,2025-10-17,297.56,298.54,-0.0033
JPM,2025-10-20,302.36,297.56,0.0161
JPM,2025-10-21,297.09,302.36,-0.0174
JPM,2025-10-22,294.11,297.09,-0.01
JPM,2025-10-23,294.54,294.11,0.0015
JPM,2025-10-24,300.44,294.54,0.02
JPM,2025-10-27,304.15,300.44,0.0123
JPM,2025-10-28,305.36,304.15,0.004
JPM,2025-10-29,305.51,305.36,0.0005
JPM,2025-10-30,309.44,305.51,0.0129
JPM,2025-10-31,311.12,309.44,0.0054
JPM,2025-11-03,309.35,311.12,-0.0057
JPM,2025-11-04,309.25,309.35,-0.0003
JPM,2025-11-05,311.68,309.25,0.0079
JPM,2025-11-06,313.42,311.68,0.0056
JPM,2025-11-07,314.21,313.42,0.0025
JPM,2025-11-10,316.89,314.21,0.0085
JPM,2025-11-11,315.62,316.89,-0.004
JPM,2025-11-12,320.41,315.62,0.0152
JPM,2025-11-13,309.48,320.41,-0.0341
JPM,2025-11-14,303.61,309.48,-0.019
JPM,2025-11-17,300.37,303.61,-0.0107
JPM,2025-11-18,299.41,300.37,-0.0032
JPM,2025-11-19,303.27,299.41,0.0129
JPM,2025-11-20,298.38,303.27,-0.0161
JPM,2025-11-21,298.02,298.38,-0.0012
JPM,2025-11-24,298.0,298.02,-0.0001
JPM,2025-11-25,303.0,298.0,0.0168
JPM,2025-11-26,307.64,303.0,0.0153
JPM,2025-11-28,313.08,307.64,0.0177
JPM,2025-12-01,308.92,313.08,-0.0133
JPM,2025-12-02,307.88,308.92,-0.0034
JPM,2025-12-03,312.13,307.88,0.0138
JPM,2025-12-04,316.1,312.13,0.0127
JPM,2025-12-05,315.04,316.1,-0.0034
JPM,2025-12-08,315.21,315.04,0.0005
JPM,2025-12-09,300.51,315.21,-0.0466
JPM,2025-12-10,310.11,300.51,0.0319
JPM,2025-12-11,317.38,310.11,0.0234
JPM,2025-12-12,318.52,317.38,0.0036
JPM,2025-12-15,320.02,318.52,0.0047
JPM,2025-12-16,315.55,320.02,-0.014
JPM,2025-12-17,314.98,315.55,-0.0018
JPM,2025-12-18,313.0,314.98,-0.0063
JPM,2025-12-19,317.21,313.0,0.0135
JPM,2025-12-22,323.09,317.21,0.0185
JPM,2025-12-23,325.93,323.09,0.0088
JPM,2025-12-24,329.17,325.93,0.0099
JPM,2025-12-26,327.91,329.17,-0.0038
JPM,2025-12-29,323.75,327.91,-0.0127
JPM,2025-12-30,323.42,323.75,-0.001
JPM,2025-12-31,322.22,323.42,-0.0037
JPM,2026-01-02,325.48,322.22,0.0101
JPM,2026-01-05,334.04,325.48,0.0263
JPM,2026-01-06,334.61,334.04,0.0017
JPM,2026-01-07,326.99,334.61,-0.0228
JPM,2026-01-08,329.79,326.99,0.0086
JPM,2026-01-09,329.19,329.79,-0.0018
JPM,2026-01-12,324.49,329.19,-0.0143
JPM,2026-01-13,310.9,324.49,-0.0419
JPM,2026-01-14,307.87,310.9,-0.0097
JPM,2026-01-15,309.26,307.87,0.0045
JPM,2026-01-16,312.47,309.26,0.0104
JPM,2026-01-20,302.74,312.47,-0.0311
JPM,2026-01-21,302.04,302.74,-0.0023
JPM,2026-01-22,303.63,302.04,0.0053
JPM,2026-01-23,297.72,303.63,-0.0195
JPM,2026-01-26,301.04,297.72,0.0112
JPM,2026-01-27,300.31,301.04,-0.0024
JPM,2026-01-28,300.77,300.31,0.0015
JPM,2026-01-29,306.42,300.77,0.0188
JPM,2026-01-30,305.89,306.42,-0.0017
JPM,2026-02-02,308.14,305.89,0.0074
JPM,2026-02-03,314.85,308.14,0.0218
JPM,2026-02-04,317.27,314.85,0.0077
JPM,2026-02-05,310.16,317.27,-0.0224
JPM,2026-02-06,322.4,310.16,0.0395
JPM,2026-02-09,322.1,322.4,-0.0009
JPM,2026-02-10,318.28,322.1,-0.0119
JPM,2026-02-11,310.82,318.28,-0.0234
JPM,2026-02-12,302.64,310.82,-0.0263
JPM,2026-02-13,302.55,302.64,-0.0003
JPM,2026-02-17,307.13,302.55,0.0151
JPM,2026-02-18,308.78,307.13,0.0054
JPM,2026-02-19,308.05,308.78,-0.0024
JPM,2026-02-20,310.79,308.05,0.0089
JPM,2026-02-23,297.67,310.79,-0.0422
JPM,2026-02-24,297.3,297.67,-0.0012
JPM,2026-02-25,303.3,297.3,0.0202
JPM,2026-02-26,306.13,303.3,0.0093
JPM,2026-02-27,300.3,306.13,-0.019
JPM,2026-03-02,297.56,300.3,-0.0091
JPM,2026-03-03,300.26,297.56,0.0091
JPM,2026-03-04,299.39,300.26,-0.0029
META,2025-10-09,733.51,,
META,2025-10-10,705.3,733.51,-0.0385
META,2025-10-13,715.7,705.3,0.0147
META,2025-10-14,708.65,715.7,-0.0099
META,2025-10-15,717.55,708.65,0.0126
META,2025-10-16,712.07,717.55,-0.0076
META,2025-10-17,716.915,712.07,0.0068
META,2025-10-20,732.17,716.915,0.0213
META,2025-10-21,733.27,732.17,0.0015
META,2025-10-22,733.41,733.27,0.0002
META,2025-10-23,734.0,733.41,0.0008
META,2025-10-24,738.36,734.0,0.0059
META,2025-10-27,750.82,738.36,0.0169
META,2025-10-28,751.44,750.82,0.0008
META,2025-10-29,751.67,751.44,0.0003
META,2025-10-30,666.47,751.67,-0.1133
META,2025-10-31,648.35,666.47,-0.0272
META,2025-11-03,637.71,648.35,-0.0164
META,2025-11-04,627.32,637.71,-0.0163
META,2025-11-05,635.95,627.32,0.0138
META,2025-11-06,618.94,635.95,-0.0267
META,2025-11-07,621.71,618.94,0.0045
META,2025-11-10,631.76,621.71,0.0162
META,2025-11-11,627.08,631.76,-0.0074
META,2025-11-12,609.01,627.08,-0.0288
META,2025-11-13,609.89,609.01,0.0014
META,2025-11-14,609.46,609.89,-0.0007
META,2025-11-17,602.01,609.46,-0.0122
META,2025-11-18,597.69,602.01,-0.0072
META,2025-11-19,590.32,597.69,-0.0123
META,2025-11-20,589.15,590.32,-0.002
META,2025-11-21,594.25,589.15,0.0087
META,2025-11-24,613.05,594.25,0.0316
META,2025-11-25,636.22,613.05,0.0378
META,2025-11-26,633.61,636.22,-0.0041
META,2025-11-28,647.95,633.61,0.0226
META,2025-12-01,640.87,647.95,-0.0109
META,2025-12-02,647.1,640.87,0.0097
META,2025-12-03,639.6,647.1,-0.0116
META,2025-12-04,661.53,639.6,0.0343
META,2025-12-05,673.42,661.53,0.018
META,2025-12-08,666.8,673.42,-0.0098
META,2025-12-09,656.96,666.8,-0.0148
META,2025-12-10,650.13,656.96,-0.0104
META,2025-12-11,652.71,650.13,0.004
META,2025-12-12,644.23,652.71,-0.013
META,2025-12-15,647.51,644.23,0.0051
META,2025-12-16,657.15,647.51,0.0149
META,2025-12-17,649.5,657.15,-0.0116
META,2025-12-18,664.45,649.5,0.023
META,2025-12-19,658.77,664.45,-0.0085
META,2025-12-22,661.5,658.77,0.0041
META,2025-12-23,664.94,661.5,0.0052
META,2025-12-24,667.55,664.94,0.0039
META,2025-12-26,663.29,667.55,-0.0064
META,2025-12-29,658.69,663.29,-0.0069
META,2025-12-30,665.95,658.69,0.011
META,2025-12-31,660.09,665.95,-0.0088
META,2026-01-02,650.41,660.09,-0.0147
META,2026-01-05,658.79,650.41,0.0129
META,2026-01-06,660.62,658.79,0.0028
META,2026-01-07,648.69,660.62,-0.0181
META,2026-01-08,646.06,648.69,-0.0041
META,2026-01-09,653.06,646.06,0.0108
META,2026-01-12,641.97,653.06,-0.017
META,2026-01-13,631.09,641.97,-0.0169
META,2026-01-14,615.52,631.09,-0.0247
META,2026-01-15,620.8,615.52,0.0086
META,2026-01-16,620.25,620.8,-0.0009
META,2026-01-20,604.12,620.25,-0.026
META,2026-01-21,612.96,604.12,0.0146
META,2026-01-22,647.63,612.96,0.0566
META,2026-01-23,658.76,647.63,0.0172
META,2026-01-26,672.36,658.76,0.0206
META,2026-01-27,672.97,672.36,0.0009
META,2026-01-28,668.73,672.97,-0.0063
META,2026-01-29,738.31,668.73,0.104
META,2026-01-30,716.5,738.31,-0.0295
META,2026-02-02,706.41,716.5,-0.0141
META,2026-02-03,691.7,706.41,-0.0208
META,2026-02-04,668.99,691.7,-0.0328
META,2026-02-05,670.21,668.99,0.0018
META,2026-02-06,661.46,670.21,-0.0131
META,2026-02-09,677.22,661.46,0.0238
META,2026-02-10,670.72,677.22,-0.0096
META,2026-02-11,668.69,670.72,-0.003
META,2026-02-12,649.81,668.69,-0.0282
META,2026-02-13,639.77,649.81,-0.0155
META,2026-02-17,639.29,639.77,-0.0008
META,2026-02-18,643.22,639.29,0.0061
META,2026-02-19,644.78,643.22,0.0024
META,2026-02-20,655.66,644.78,0.0169
META,2026-02-23,637.25,655.66,-0.0281
META,2026-02-24,639.3,637.25,0.0032
META,2026-02-25,653.69,639.3,0.0225
META,2026-02-26,657.01,653.69,0.0051
META,2026-02-27,648.18,657.01,-0.0134
META,2026-03-02,653.56,648.18,0.0083
META,2026-03-03,655.08,653.56,0.0023
META,2026-03-04,667.73,655.08,0.0193
MSFT,2025-10-09,522.4,,
MSFT,2025-10-10,510.96,522.4,-0.0219
MSFT,2025-10-13,514.05,510.96,0.006
MSFT,2025-10-14,513.57,514.05,-0.0009
MSFT,2025-10-15,513.43,513.57,-0.0003
MSFT,2025-10-16,511.61,513.43,-0.0035
MSFT,2025-10-17,513.58,511.61,0.0039
MSFT,2025-10-20,516.79,513.58,0.0063
MSFT,2025-10-21,517.66,516.79,0.0017
MSFT,2025-10-22,520.54,517.66,0.0056
MSFT,2025-10-23,520.56,520.54,0.0
MSFT,2025-10-24,523.61,520.56,0.0059
MSFT,2025-10-27,531.52,523.61,0.0151
MSFT,2025-10-28,542.07,531.52,0.0198
MSFT,2025-10-29,541.55,542.07,-0.001
MSFT,2025-10-30,525.76,541.55,-0.0292
MSFT,2025-10-31,517.81,525.76,-0.0151
MSFT,2025-11-03,517.03,517.81,-0.0015
MSFT,2025-11-04,514.33,517.03,-0.0052
MSFT,2025-11-05,507.16,514.33,-0.0139
MSFT,2025-11-06,497.1,507.16,-0.0198
MSFT,2025-11-07,496.82,497.1,-0.0006
MSFT,2025-11-10,506.0,496.82,0.0185
MSFT,2025-11-11,508.68,506.0,0.0053
MSFT,2025-11-12,511.14,508.68,0.0048
MSFT,2025-11-13,503.29,511.14,-0.0154
MSFT,2025-11-14,510.18,503.29,0.0137
MSFT,2025-11-17,507.49,510.18,-0.0053
MSFT,2025-11-18,493.79,507.49,-0.027
MSFT,2025-11-19,487.12,493.79,-0.0135
MSFT,2025-11-20,478.43,487.12,-0.0178
MSFT,2025-11-21,472.12,478.43,-0.0132
MSFT,2025-11-24,474.0,472.12,0.004
MSFT,2025-11-25,476.99,474.0,0.0063
MSFT,2025-11-26,485.5,476.99,0.0178
MSFT,2025-11-28,492.01,485.5,0.0134
MSFT,2025-12-01,486.74,492.01,-0.0107
MSFT,2025-12-02,490.0,486.74,0.0067
MSFT,2025-12-03,477.73,490.0,-0.025
MSFT,2025-12-04,480.84,477.73,0.0065
MSFT,2025-12-05,483.16,480.84,0.0048
MSFT,2025-12-08,491.02,483.16,0.0163
MSFT,2025-12-09,492.02,491.02,0.002
MSFT,2025-12-10,478.56,492.02,-0.0274
MSFT,2025-12-11,483.47,478.56,0.0103
MSFT,2025-12-12,478.53,483.47,-0.0102
MSFT,2025-12-15,474.82,478.53,-0.0078
MSFT,2025-12-16,476.39,474.82,0.0033
MSFT,2025-12-17,476.12,476.39,-0.0006
MSFT,2025-12-18,483.98,476.12,0.0165
MSFT,2025-12-19,485.92,483.98,0.004
MSFT,2025-12-22,484.92,485.92,-0.0021
MSFT,2025-12-23,486.85,484.92,0.004
MSFT,2025-12-24,488.02,486.85,0.0024
MSFT,2025-12-26,487.71,488.02,-0.0006
MSFT,2025-12-29,487.1,487.71,-0.0013
MSFT,2025-12-30,487.48,487.1,0.0008
MSFT,2025-12-31,483.62,487.48,-0.0079
MSFT,2026-01-02,472.94,483.62,-0.0221
MSFT,2026-01-05,472.85,472.94,-0.0002
MSFT,2026-01-06,478.51,472.85,0.012
MSFT,2026-01-07,483.47,478.51,0.0104
MSFT,2026-01-08,478.11,483.47,-0.0111
MSFT,2026-01-09,479.28,478.11,0.0024
MSFT,2026-01-12,477.18,479.28,-0.0044
MSFT,2026-01-13,470.67,477.18,-0.0136
MSFT,2026-01-14,459.38,470.67,-0.024
MSFT,2026-01-15,456.66,459.38,-0.0059
MSFT,2026-01-16,459.86,456.66,0.007
MSFT,2026-01-20,454.52,459.86,-0.0116
MSFT,2026-01-21,444.11,454.52,-0.0229
MSFT,2026-01-22,451.14,444.11,0.0158
MSFT,2026-01-23,465.95,451.14,0.0328
MSFT,2026-01-26,470.28,465.95,0.0093
MSFT,2026-01-27,480.58,470.28,0.0219
MSFT,2026-01-28,481.63,480.58,0.0022
MSFT,2026-01-29,433.5,481.63,-0.0999
MSFT,2026-01-30,430.29,433.5,-0.0074
MSFT,2026-02-02,423.37,430.29,-0.0161
MSFT,2026-02-03,411.21,423.37,-0.0287
MSFT,2026-02-04,414.19,411.21,0.0072
MSFT,2026-02-05,393.67,414.19,-0.0495
MSFT,2026-02-06,401.14,393.67,0.019
MSFT,2026-02-09,413.6,401.14,0.0311
MSFT,2026-02-10,413.27,413.6,-0.0008
MSFT,2026-02-11,404.37,413.27,-0.0215
MSFT,2026-02-12,401.84,404.37,-0.0063
MSFT,2026-02-13,401.32,401.84,-0.0013
MSFT,2026-02-17,396.86,401.32,-0.0111
MSFT,2026-02-18,399.6,396.86,0.0069
MSFT,2026-02-19,398.46,399.6,-0.0029
MSFT,2026-02-20,397.23,398.46,-0.0031
MSFT,2026-02-23,384.47,397.23,-0.0321
MSFT,2026-02-24,389.0,384.47,0.0118
MSFT,2026-02-25,400.6,389.0,0.0298
MSFT,2026-02-26,401.72,400.6,0.0028
MSFT,2026-02-27,392.74,401.72,-0.0224
MSFT,2026-03-02,398.55,392.74,0.0148
MSFT,2026-03-03,403.93,398.55,0.0135
MSFT,2026-03-04,405.2,403.93,0.0031
MSFT,2026-03-05,410.68,405.2,0.0135
MSFT,2026-03-06,408.96,410.68,-0.0042
MSFT,2026-03-09,409.41,408.96,0.0011
MSFT,2026-03-10,405.76,409.41,-0.0089
MSFT,2026-03-11,404.88,405.76,-0.0022
MSFT,2026-03-12,401.86,404.88,-0.0075
MSFT,2026-03-13,395.55,401.86,-0.0157
MSFT,2026-03-16,399.95,395.55,0.0111
MSFT,2026-03-17,399.41,399.95,-0.0014
MSFT,2026-03-18,391.79,399.41,-0.0191
MSFT,2026-03-19,389.02,391.79,-0.0071
MSFT,2026-03-20,381.87,389.02,-0.0184
NVDA,2025-10-08,189.11,,
NVDA,2025-10-09,192.57,189.11,0.0183
NVDA,2025-10-10,183.16,192.57,-0.0489
NVDA,2025-10-13,188.32,183.16,0.0282
NVDA,2025-10-14,180.03,188.32,-0.044
NVDA,2025-10-15,179.83,180.03,-0.0011
NVDA,2025-10-16,181.81,179.83,0.011
NVDA,2025-10-17,183.22,181.81,0.0078
NVDA,2025-10-20,182.64,183.22,-0.0032
NVDA,2025-10-21,181.16,182.64,-0.0081
NVDA,2025-10-22,180.28,181.16,-0.0049
NVDA,2025-10-23,182.16,180.28,0.0104
NVDA,2025-10-24,186.26,182.16,0.0225
NVDA,2025-10-27,191.49,186.26,0.0281
NVDA,2025-10-28,201.03,191.49,0.0498
NVDA,2025-10-29,207.04,201.03,0.0299
NVDA,2025-10-30,202.89,207.04,-0.02
NVDA,2025-10-31,202.49,202.89,-0.002
NVDA,2025-11-03,206.88,202.49,0.0217
NVDA,2025-11-04,198.69,206.88,-0.0396
NVDA,2025-11-05,195.21,198.69,-0.0175
NVDA,2025-11-06,188.08,195.21,-0.0365
NVDA,2025-11-07,188.15,188.08,0.0004
NVDA,2025-11-10,199.05,188.15,0.0579
NVDA,2025-11-11,193.16,199.05,-0.0296
NVDA,2025-11-12,193.8,193.16,0.0033
NVDA,2025-11-13,186.86,193.8,-0.0358
NVDA,2025-11-14,190.17,186.86,0.0177
NVDA,2025-11-17,186.6,190.17,-0.0188
NVDA,2025-11-18,181.36,186.6,-0.0281
NVDA,2025-11-19,186.52,181.36,0.0285
NVDA,2025-11-20,180.64,186.52,-0.0315
NVDA,2025-11-21,178.88,180.64,-0.0097
NVDA,2025-11-24,182.55,178.88,0.0205
NVDA,2025-11-25,177.82,182.55,-0.0259
NVDA,2025-11-26,180.26,177.82,0.0137
NVDA,2025-11-28,177.0,180.26,-0.0181
NVDA,2025-12-01,179.92,177.0,0.0165
NVDA,2025-12-02,181.46,179.92,0.0086
NVDA,2025-12-03,179.59,181.46,-0.0103
NVDA,2025-12-04,183.38,179.59,0.0211
NVDA,2025-12-05,182.41,183.38,-0.0053
NVDA,2025-12-08,185.55,182.41,0.0172
NVDA,2025-12-09,184.97,185.55,-0.0031
NVDA,2025-12-10,183.78,184.97,-0.0064
NVDA,2025-12-11,180.93,183.78,-0.0155
NVDA,2025-12-12,175.02,180.93,-0.0327
NVDA,2025-12-15,176.29,175.02,0.0073
NVDA,2025-12-16,177.72,176.29,0.0081
NVDA,2025-12-17,170.94,177.72,-0.0381
NVDA,2025-12-18,174.14,170.94,0.0187
NVDA,2025-12-19,180.99,174.14,0.0393
NVDA,2025-12-22,183.69,180.99,0.0149
NVDA,2025-12-23,189.21,183.69,0.0301
NVDA,2025-12-24,188.61,189.21,-0.0032
NVDA,2025-12-26,190.53,188.61,0.0102
NVDA,2025-12-29,188.22,190.53,-0.0121
NVDA,2025-12-30,187.54,188.22,-0.0036
NVDA,2025-12-31,186.5,187.54,-0.0055
NVDA,2026-01-02,188.85,186.5,0.0126
NVDA,2026-01-05,188.12,188.85,-0.0039
NVDA,2026-01-06,187.24,188.12,-0.0047
NVDA,2026-01-07,189.11,187.24,0.01
NVDA,2026-01-08,185.04,189.11,-0.0215
NVDA,2026-01-09,184.86,185.04,-0.001
NVDA,2026-01-12,184.94,184.86,0.0004
NVDA,2026-01-13,185.81,184.94,0.0047
NVDA,2026-01-14,183.14,185.81,-0.0144
NVDA,2026-01-15,187.05,183.14,0.0213
NVDA,2026-01-16,186.23,187.05,-0.0044
NVDA,2026-01-20,178.07,186.23,-0.0438
NVDA,2026-01-21,183.32,178.07,0.0295
NVDA,2026-01-22,184.84,183.32,0.0083
NVDA,2026-01-23,187.67,184.84,0.0153
NVDA,2026-01-26,186.47,187.67,-0.0064
NVDA,2026-01-27,188.52,186.47,0.011
NVDA,2026-01-28,191.52,188.52,0.0159
NVDA,2026-01-29,192.51,191.52,0.0052
NVDA,2026-01-30,191.13,192.51,-0.0072
NVDA,2026-02-02,185.61,191.13,-0.0289
NVDA,2026-02-03,180.34,185.61,-0.0284
NVDA,2026-02-04,174.19,180.34,-0.0341
NVDA,2026-02-05,171.88,174.19,-0.0133
NVDA,2026-02-06,185.41,171.88,0.0787
NVDA,2026-02-09,190.04,185.41,0.025
NVDA,2026-02-10,188.54,190.04,-0.0079
NVDA,2026-02-11,190.05,188.54,0.008
NVDA,2026-02-12,186.94,190.05,-0.0164
NVDA,2026-02-13,182.81,186.94,-0.0221
NVDA,2026-02-17,184.97,182.81,0.0118
NVDA,2026-02-18,187.98,184.97,0.0163
NVDA,2026-02-19,187.9,187.98,-0.0004
NVDA,2026-02-20,189.82,187.9,0.0102
NVDA,2026-02-23,191.55,189.82,0.0091
NVDA,2026-02-24,192.85,191.55,0.0068
NVDA,2026-02-25,195.56,192.85,0.0141
NVDA,2026-02-26,184.89,195.56,-0.0546
NVDA,2026-02-27,177.19,184.89,-0.0416
NVDA,2026-03-02,182.48,177.19,0.0299
NVDA,2026-03-03,180.05,182.48,-0.0133
NVDA,2026-03-04,183.04,180.05,0.0166
NVDA,2026-03-05,183.34,183.04,0.0016
NVDA,2026-03-06,177.82,183.34,-0.0301
NVDA,2026-03-09,182.65,177.82,0.0272
NVDA,2026-03-10,184.77,182.65,0.0116
NVDA,2026-03-11,186.03,184.77,0.0068
NVDA,2026-03-12,183.14,186.03,-0.0155
NVDA,2026-03-13,180.25,183.14,-0.0158
NVDA,2026-03-16,183.22,180.25,0.0165
NVDA,2026-03-17,181.93,183.22,-0.007
NVDA,2026-03-18,180.4,181.93,-0.0084
NVDA,2026-03-19,178.56,180.4,-0.0102
NVDA,2026-03-20,172.7,178.56,-0.0328
TSLA,2025-10-09,435.54,,
TSLA,2025-10-10,413.49,435.54,-0.0506
TSLA,2025-10-13,435.9,413.49,0.0542
TSLA,2025-10-14,429.24,435.9,-0.0153
TSLA,2025-10-15,435.15,429.24,0.0138
TSLA,2025-10-16,428.75,435.15,-0.0147
TSLA,2025-10-17,439.31,428.75,0.0246
TSLA,2025-10-20,447.43,439.31,0.0185
TSLA,2025-10-21,442.6,447.43,-0.0108
TSLA,2025-10-22,438.97,442.6,-0.0082
TSLA,2025-10-23,448.98,438.97,0.0228
TSLA,2025-10-24,433.72,448.98,-0.034
TSLA,2025-10-27,452.42,433.72,0.0431
TSLA,2025-10-28,460.55,452.42,0.018
TSLA,2025-10-29,461.51,460.55,0.0021
TSLA,2025-10-30,440.1,461.51,-0.0464
TSLA,2025-10-31,456.56,440.1,0.0374
TSLA,2025-11-03,468.37,456.56,0.0259
TSLA,2025-11-04,444.26,468.37,-0.0515
TSLA,2025-11-05,462.07,444.26,0.0401
TSLA,2025-11-06,445.91,462.07,-0.035
TSLA,2025-11-07,429.52,445.91,-0.0368
TSLA,2025-11-10,445.23,429.52,0.0366
TSLA,2025-11-11,439.62,445.23,-0.0126
TSLA,2025-11-12,430.6,439.62,-0.0205
TSLA,2025-11-13,401.99,430.6,-0.0664
TSLA,2025-11-14,404.35,401.99,0.0059
TSLA,2025-11-17,408.92,404.35,0.0113
TSLA,2025-11-18,401.25,408.92,-0.0188
TSLA,2025-11-19,403.99,401.25,0.0068
TSLA,2025-11-20,395.23,403.99,-0.0217
TSLA,2025-11-21,391.09,395.23,-0.0105
TSLA,2025-11-24,417.78,391.09,0.0682
TSLA,2025-11-25,419.4,417.78,0.0039
TSLA,2025-11-26,426.58,419.4,0.0171
TSLA,2025-11-28,430.17,426.58,0.0084
TSLA,2025-12-01,430.14,430.17,-0.0001
TSLA,2025-12-02,429.24,430.14,-0.0021
TSLA,2025-12-03,446.74,429.24,0.0408
TSLA,2025-12-04,454.53,446.74,0.0174
TSLA,2025-12-05,455.0,454.53,0.001
TSLA,2025-12-08,439.58,455.0,-0.0339
TSLA,2025-12-09,445.17,439.58,0.0127
TSLA,2025-12-10,451.45,445.17,0.0141
TSLA,2025-12-11,446.89,451.45,-0.0101
TSLA,2025-12-12,458.96,446.89,0.027
TSLA,2025-12-15,475.31,458.96,0.0356
TSLA,2025-12-16,489.88,475.31,0.0307
TSLA,2025-12-17,467.26,489.88,-0.0462
TSLA,2025-12-18,483.37,467.26,0.0345
TSLA,2025-12-19,481.2,483.37,-0.0045
TSLA,2025-12-22,488.73,481.2,0.0156
TSLA,2025-12-23,485.56,488.73,-0.0065
TSLA,2025-12-24,485.4,485.56,-0.0003
TSLA,2025-12-26,475.19,485.4,-0.021
TSLA,2025-12-29,459.64,475.19,-0.0327
TSLA,2025-12-30,454.43,459.64,-0.0113
TSLA,2025-12-31,449.72,454.43,-0.0104
TSLA,2026-01-02,438.07,449.72,-0.0259
TSLA,2026-01-05,451.67,438.07,0.031
TSLA,2026-01-06,432.96,451.67,-0.0414
TSLA,2026-01-07,431.41,432.96,-0.0036
TSLA,2026-01-08,435.8,431.41,0.0102
TSLA,2026-01-09,445.01,435.8,0.0211
TSLA,2026-01-12,448.96,445.01,0.0089
TSLA,2026-01-13,447.2,448.96,-0.0039
TSLA,2026-01-14,439.2,447.2,-0.0179
TSLA,2026-01-15,438.57,439.2,-0.0014
TSLA,2026-01-16,437.5,438.57,-0.0024
TSLA,2026-01-20,419.25,437.5,-0.0417
TSLA,2026-01-21,431.44,419.25,0.0291
TSLA,2026-01-22,449.36,431.44,0.0415
TSLA,2026-01-23,449.06,449.36,-0.0007
TSLA,2026-01-26,435.2,449.06,-0.0309
TSLA,2026-01-27,430.9,435.2,-0.0099
TSLA,2026-01-28,431.46,430.9,0.0013
TSLA,2026-01-29,416.56,431.46,-0.0345
TSLA,2026-01-30,430.41,416.56,0.0332
TSLA,2026-02-02,421.81,430.41,-0.02
TSLA,2026-02-03,421.96,421.81,0.0004
TSLA,2026-02-04,406.01,421.96,-0.0378
TSLA,2026-02-05,397.21,406.01,-0.0217
TSLA,2026-02-06,411.11,397.21,0.035
TSLA,2026-02-09,417.32,411.11,0.0151
TSLA,2026-02-10,425.21,417.32,0.0189
TSLA,2026-02-11,428.27,425.21,0.0072
TSLA,2026-02-12,417.07,428.27,-0.0262
TSLA,2026-02-13,417.44,417.07,0.0009
TSLA,2026-02-17,410.63,417.44,-0.0163
TSLA,2026-02-18,411.32,410.63,0.0017
TSLA,2026-02-19,411.71,411.32,0.0009
TSLA,2026-02-20,411.82,411.71,0.0003
TSLA,2026-02-23,399.83,411.82,-0.0291
TSLA,2026-02-24,409.38,399.83,0.0239
TSLA,2026-02-25,417.4,409.38,0.0196
TSLA,2026-02-26,408.58,417.4,-0.0211
TSLA,2026-02-27,402.51,408.58,-0.0149
TSLA,2026-03-02,403.32,402.51,0.002
TSLA,2026-03-03,392.43,403.32,-0.027
TSLA,2026-03-04,405.94,392.43,0.0344
